DisNo.,Year,Month,Disaster Group,Disaster Subgroup,Disaster Type,Disaster Subtype,Total Deaths,Total Affected,Total Damage ('000 US$),"Total Damage, Adjusted ('000 US$)",Location
2000-0010-IDN,2000,Januari,Technological,Transport,Road,Road,13,22,0,0,Jawa Tengah
2000-0011-IDN,2000,Januari,Technological,Transport,Road,Road,13,333,0,0,Jawa Tengah
2000-0082-IDN,2000,Februari,Natural,Hydrological,Mass movement (wet),Mudslide,34,84377,11600,19714,Jawa Tengah
2000-0101-IDN,2000,Maret,Technological,Transport,Road,Road,26,31,0,0,Jawa Tengah
2000-0108-IDN,2000,Januari,Natural,Biological,Epidemic,Viral disease,10,1516,0,0,Jakarta
2000-0117-IDN,2000,Februari,Natural,Climatological,Wildfire,Forest fire,585,511572,0,0,Riau
2000-0117-IDN,2000,Februari,Natural,Climatological,Wildfire,Forest fire,585,511572,0,0,Kalimantan Barat
2000-0117-IDN,2000,Februari,Natural,Climatological,Wildfire,Forest fire,585,511572,0,0,Kalimantan Tengah
2000-0230-IDN,2000,Mei,Natural,Geophysical,Earthquake,Ground movement,45,52770,30000,50985,Sulawesi Tengah
2000-0258-IDN,2000,Mei,Natural,Hydrological,Flood,Flash flood,126,50000,79000,134261,Nusa Tenggara Timur
2000-0268-IDN,2000,Mei,Technological,Transport,Water,Water,41,12005,0,0,Maluku
2000-0293-IDN,2000,Juni,Natural,Geophysical,Earthquake,Ground movement,103,204714,41000,69680,Bengkulu
2000-0320-IDN,2000,Mei,Natural,Biological,Epidemic,Viral disease,15,203,0,0,Nusa Tenggara Timur
2000-0405-IDN,2000,Juni,Technological,Transport,Rail,Rail,32,24750,0,0,Sumatera Barat
2000-0436-IDN,2000,Juli,Technological,Transport,Road,Road,10,3,0,0,Jawa Tengah
2000-0449-IDN,2000,Juli,Natural,Geophysical,Earthquake,Ground movement,25,4124,2000,3399,Jawa Barat
2000-0469-IDN,2000,Juni,Natural,Hydrological,Mass movement (wet),Landslide (wet),4,520,0,0,Sulawesi Tengah
2000-0635-IDN,2000,September,Technological,Miscellaneous accident,Explosion (Miscellaneous),Explosion (Miscellaneous),10,30,0,0,Jakarta
2000-0686-IDN,2000,September,Technological,Transport,Rail,Rail,16,66,0,0,Jawa Tengah
2000-0701-IDN,2000,Oktober,Natural,Hydrological,Mass movement (wet),Mudslide,40,56210,43000,73079,Jawa Tengah
2000-0721-IDN,2000,November,Natural,Hydrological,Mass movement (wet),Landslide (wet),52,19,0,0,Jawa Tengah
2000-0721-IDN,2000,November,Natural,Hydrological,Mass movement (wet),Landslide (wet),52,19,0,0,Bali
2000-0761-IDN,2000,Oktober,Natural,Geophysical,Earthquake,Ground movement,16,5500,0,0,Banten
2000-0762-IDN,2000,Juni,Natural,Geophysical,Earthquake,Ground movement,1,3000,0,0,Sumatera Selatan
2000-0770-IDN,2000,November,Natural,Hydrological,Flood,Riverine flood,100,386021,34000,57783,Sumatera Barat
2000-0770-IDN,2000,November,Natural,Hydrological,Flood,Riverine flood,100,386021,34000,57783,Sumatera Selatan
2000-0770-IDN,2000,November,Natural,Hydrological,Flood,Riverine flood,100,386021,34000,57783,Aceh
2000-0770-IDN,2000,November,Natural,Hydrological,Flood,Riverine flood,100,386021,34000,57783,Riau
2000-0770-IDN,2000,November,Natural,Hydrological,Flood,Riverine flood,100,386021,34000,57783,Jambi
2000-0791-IDN,2000,Desember,Natural,Hydrological,Flood,Flash flood,38,39852,0,0,Sulawesi Utara
2000-0791-IDN,2000,Desember,Natural,Hydrological,Flood,Flash flood,38,39852,0,0,Nusa Tenggara Barat
2000-0791-IDN,2000,Desember,Natural,Hydrological,Flood,Flash flood,38,39852,0,0,Yogyakarta
2000-0844-IDN,2000,Desember,Technological,Transport,Rail,Rail,11,12,0,0,Jawa Timur
2000-0889-IDN,2000,Juni,Technological,Transport,Water,Water,481,11,0,0,Nusa Tenggara Timur
2000-0926-IDN,2000,Maret,Technological,Transport,Road,Road,31,5,0,0,Bengkulu
2001-0041-IDN,2001,Februari,Natural,Hydrological,Mass movement (wet),Landslide (wet),122,23000,10000,16528,Banten
2001-0046-IDN,2001,Januari,Natural,Hydrological,Mass movement (wet),Landslide (wet),63,358167,0,0,Sulawesi Utara
2001-0046-IDN,2001,Januari,Natural,Hydrological,Mass movement (wet),Landslide (wet),63,358167,0,0,Nusa Tenggara Barat
2001-0046-IDN,2001,Januari,Natural,Hydrological,Mass movement (wet),Landslide (wet),63,358167,0,0,Yogyakarta
2001-0051-IDN,2001,Februari,Natural,Hydrological,Flood,Flash flood,130,80000,10000,16528,Jawa Barat
2001-0051-IDN,2001,Februari,Natural,Hydrological,Flood,Flash flood,130,80000,10000,16528,Jawa Timur
2001-0051-IDN,2001,Februari,Natural,Hydrological,Flood,Flash flood,130,80000,10000,16528,Jakarta
2001-0051-IDN,2001,Februari,Natural,Hydrological,Flood,Flash flood,130,80000,10000,16528,Banten
2001-0051-IDN,2001,Februari,Natural,Hydrological,Flood,Flash flood,130,80000,10000,16528,Gorontalo
2001-0171-IDN,2001,April,Technological,Transport,Water,Water,27,3612,0,0,Maluku
2001-0181-IDN,2001,Mei,Technological,Transport,Road,Road,16,85767,0,0,Jawa Barat
2001-0234-IDN,2001,Mei,Technological,Transport,Water,Water,47,15682,0,0,Sulawesi Tengah
2001-0407-IDN,2001,Juli,Natural,Hydrological,Flood,Riverine flood,257,3694,0,0,Sumatera Selatan
2001-0437-IDN,2001,Agustus,Technological,Transport,Road,Road,22,19,0,0,Jawa Tengah
2001-0462-IDN,2001,Agustus,Technological,Transport,Rail,Rail,13,5,0,0,Jawa Tengah
2001-0493-IDN,2001,September,Technological,Transport,Rail,Rail,42,35,0,0,Jawa Barat
2001-0546-IDN,2001,Juni,Natural,Geophysical,Earthquake,Ground movement,5,12512,0,0,Jawa Barat
2001-0586-IDN,2001,Oktober,Technological,Transport,Water,Water,350,44,0,0,Sumatera Barat
2001-0608-IDN,2001,November,Technological,Transport,Rail,Rail,20,15,0,0,Banten
2001-0646-IDN,2001,Oktober,Technological,Transport,Rail,Rail,12,6,0,0,Banten
2001-0651-IDN,2001,Oktober,Natural,Hydrological,Mass movement (wet),Landslide (wet),15,310,0,0,Jawa Tengah
2001-0652-IDN,2001,Oktober,Natural,Hydrological,Mass movement (wet),Landslide (wet),7,600,0,0,Jawa Tengah
2001-0669-IDN,2001,Februari,Natural,Geophysical,Earthquake,Ground movement,585,511572,0,0,Bengkulu
2001-0697-IDN,2001,Desember,Technological,Transport,Rail,Rail,54,47,0,0,Jawa Tengah
2001-0715-IDN,2001,Desember,Natural,Hydrological,Flood,Flood (General),585,511572,0,0,Papua
2001-0719-IDN,2001,Desember,Natural,Hydrological,Flood,Riverine flood,15,2000,0,0,Sumatera Selatan
2001-0719-IDN,2001,Desember,Natural,Hydrological,Flood,Riverine flood,15,2000,0,0,Sulawesi Selatan
2001-0780-IDN,2001,Februari,Technological,Transport,Water,Water,31,47466,0,0,Lampung
2002-0018-IDN,2002,Januari,Natural,Hydrological,Flood,Riverine flood,21,40,0,0,Sumatera Selatan
2002-0031-IDN,2002,Januari,Natural,Biological,Epidemic,Bacterial disease,17,757,0,0,Nusa Tenggara Timur
2002-0035-IDN,2002,Januari,Natural,Hydrological,Flood,Riverine flood,13,2000,0,0,Sumatera Selatan
2002-0054-IDN,2002,Januari,Natural,Hydrological,Flood,Riverine flood,150,500750,350000,569447,Jawa Timur
2002-0054-IDN,2002,Januari,Natural,Hydrological,Flood,Riverine flood,150,500750,350000,569447,Nusa Tenggara Timur
2002-0054-IDN,2002,Januari,Natural,Hydrological,Flood,Riverine flood,150,500750,350000,569447,Sulawesi Tenggara
2002-0054-IDN,2002,Januari,Natural,Hydrological,Flood,Riverine flood,150,500750,350000,569447,Banten
2002-0054-IDN,2002,Januari,Natural,Hydrological,Flood,Riverine flood,150,500750,350000,569447,Jawa Barat
2002-0115-IDN,2002,Februari,Technological,Transport,Water,Water,34,84377,0,0,Sumatera Selatan
2002-0186-IDN,2002,Maret,Natural,Hydrological,Flood,Riverine flood,14,780,0,0,Sumatera Selatan
2002-0236-IDN,2002,April,Natural,Hydrological,Flood,Riverine flood,19,292648,0,0,Nusa Tenggara Timur
2002-0291-IDN,2002,Mei,Natural,Hydrological,Flood,Riverine flood,3,1000,0,0,Sulawesi Tenggara
2002-0395-IDN,2002,Juli,Technological,Transport,Road,Road,22,6,0,0,Jawa Timur
2002-0414-IDN,2002,Juli,Technological,Miscellaneous accident,Fire (Miscellaneous),Fire (Miscellaneous),53,17,0,0,Sumatera Selatan
2002-0434-IDN,2002,Juli,Technological,Transport,Air,Air,9,1,0,0,Kalimantan Tengah
2002-0512-IDN,2002,Agustus,Natural,Geophysical,Earthquake,Ground movement,2,2548,0,0,Sulawesi Tengah
2002-0529-IDN,2002,Juli,Technological,Miscellaneous accident,Fire (Miscellaneous),Fire (Miscellaneous),7,500,0,0,Jakarta
2002-0537-IDN,2002,Agustus,Technological,Miscellaneous accident,Explosion (Miscellaneous),Explosion (Miscellaneous),12,16,0,0,Jawa Tengah
2002-0556-IDN,2002,Agustus,Technological,Transport,Water,Water,16,13,0,0,Sulawesi Tenggara
2002-0612-IDN,2002,September,Technological,Industrial accident,Explosion (Industrial),Explosion (Industrial),10,15,0,0,Jawa Tengah
2002-0615-IDN,2002,Agustus,Natural,Climatological,Wildfire,Forest fire,20,200,0,0,Riau
2002-0615-IDN,2002,Agustus,Natural,Climatological,Wildfire,Forest fire,20,200,0,0,Kalimantan Barat
2002-0615-IDN,2002,Agustus,Natural,Climatological,Wildfire,Forest fire,20,200,0,0,Kalimantan Tengah
2002-0616-IDN,2002,September,Technological,Transport,Water,Water,10,70717,0,0,Riau
2002-0643-IDN,2002,Oktober,Natural,Geophysical,Earthquake,Tsunami,8,9082,0,0,Papua
2002-0695-IDN,2002,November,Technological,Transport,Water,Water,70,185869,0,0,Maluku
2002-0701-IDN,2002,November,Natural,Geophysical,Volcanic activity,Ash fall,22,5000,0,0,Jawa Barat
2002-0732-IDN,2002,November,Natural,Hydrological,Flood,Riverine flood,13,87000,1600,2603,Sumatera Selatan
2002-0732-IDN,2002,November,Natural,Hydrological,Flood,Riverine flood,13,87000,1600,2603,Aceh
2002-0769-IDN,2002,Desember,Natural,Hydrological,Mass movement (wet),Mudslide,32,5,0,0,Jawa Timur
2002-0820-IDN,2002,September,Natural,Geophysical,Earthquake,Ground movement,14,155,0,0,Papua
2002-0822-IDN,2002,November,Natural,Geophysical,Earthquake,Ground movement,3,60,0,0,Aceh
2002-0858-IDN,2002,April,Natural,Biological,Epidemic,Viral disease,19,2,0,0,Jakarta
2003-0016-IDN,2003,Januari,Natural,Hydrological,Flood,Riverine flood,3,10000,0,0,Banten
2003-0016-IDN,2003,Januari,Natural,Hydrological,Flood,Riverine flood,3,10000,0,0,Sulawesi Barat
2003-0021-IDN,2003,Januari,Natural,Hydrological,Flood,Flood (General),76,230,0,0,Nusa Tenggara Barat
2003-0053-IDN,2003,Januari,Natural,Hydrological,Mass movement (wet),Landslide (wet),21,1760,0,0,Jawa Barat
2003-0060-IDN,2003,Januari,Natural,Hydrological,Mass movement (wet),Landslide (wet),10,20,0,0,Jawa Barat
2003-0067-IDN,2003,Januari,Natural,Hydrological,Flood,Flood (General),10,3700,0,0,Sumatera Barat
2003-0069-IDN,2003,Januari,Natural,Geophysical,Earthquake,Ground movement,2,2502,0,0,Nusa Tenggara Barat
2003-0074-IDN,2003,Januari,Natural,Hydrological,Flood,Flash flood,1,15000,0,0,Jawa Tengah
2003-0106-IDN,2003,Februari,Technological,Transport,Water,Water,70,63,0,0,Sumatera Utara
2003-0111-IDN,2003,Maret,Technological,Transport,Rail,Rail,14,40,0,0,Jawa Barat
2003-0118-IDN,2003,Februari,Natural,Hydrological,Flood,Riverine flood,3,33000,0,0,Jakarta
2003-0118-IDN,2003,Februari,Natural,Hydrological,Flood,Riverine flood,3,33000,0,0,Banten
2003-0144-IDN,2003,Maret,Natural,Hydrological,Mass movement (wet),Landslide (wet),12,7282,0,0,Sulawesi Selatan
2003-0155-IDN,2003,Maret,Natural,Hydrological,Mass movement (wet),Landslide (wet),76,229548,3961,6301,Nusa Tenggara Timur
2003-0254-IDN,2003,Mei,Natural,Geophysical,Earthquake,Ground movement,1,247,0,0,Maluku Utara
2003-0275-IDN,2003,Juni,Technological,Transport,Road,Road,10,4,0,0,Jawa Tengah
2003-0276-IDN,2003,Januari,Technological,Transport,Road,Road,17,17367,0,0,Jawa Tengah
2003-0285-IDN,2003,Juni,Technological,Transport,Road,Road,15,7,0,0,Jawa Tengah
2003-0295-IDN,2003,Juni,Technological,Transport,Road,Road,11,15,0,0,Jawa Barat
2003-0414-IDN,2003,Agustus,Natural,Geophysical,Earthquake,Ground movement,7,500,0,0,Maluku Utara
2003-0450-IDN,2003,September,Technological,Transport,Water,Water,4,94,0,0,Bali
2003-0475-IDN,2003,September,Technological,Transport,Water,Water,17,41,0,0,Riau
2003-0493-IDN,2003,Agustus,Technological,Transport,Road,Road,55,2,0,0,Yogyakarta
2003-0531-IDN,2003,November,Natural,Hydrological,Flood,Flash flood,241,1498,0,0,Jawa Tengah
2003-0531-IDN,2003,November,Natural,Hydrological,Flood,Flash flood,241,1498,0,0,Sumatera Selatan
2003-0592-IDN,2003,November,Technological,Transport,Water,Water,10,70717,0,0,Sulawesi Tenggara
2003-0593-IDN,2003,November,Natural,Hydrological,Flood,Riverine flood,8,25000,0,0,Jambi
2003-0776-IDN,2003,Desember,Natural,Hydrological,Flood,Riverine flood,148,350000,0,0,Sulawesi Barat
2003-0776-IDN,2003,Desember,Natural,Hydrological,Flood,Riverine flood,148,350000,0,0,Riau
2003-0776-IDN,2003,Desember,Natural,Hydrological,Flood,Riverine flood,148,350000,0,0,Jambi
2003-0814-IDN,2003,Juli,Technological,Transport,Water,Water,20,32652,0,0,Nusa Tenggara Barat
2003-9760-IDN,2003,Agustus,Natural,Climatological,Drought,Drought,13,15000,1000,1591,Nusa Tenggara Timur
2004-0001-IDN,2004,Januari,Natural,Geophysical,Earthquake,Ground movement,1,30040,12000,18593,Nusa Tenggara Barat
2004-0001-IDN,2004,Januari,Natural,Geophysical,Earthquake,Ground movement,1,30040,12000,18593,Bali
2004-0033-IDN,2004,Januari,Natural,Geophysical,Volcanic activity,Ash fall,14,4615,0,0,Nusa Tenggara Timur
2004-0040-IDN,2004,Februari,Natural,Geophysical,Earthquake,Ground movement,37,14072,1000,1549,Papua
2004-0061-IDN,2004,Januari,Natural,Hydrological,Mass movement (wet),Landslide (wet),29,3617,3500,5423,Jawa Tengah
2004-0062-IDN,2004,Februari,Natural,Meteorological,Storm,Severe weather,4,2400,0,0,Jawa Timur
2004-0062-IDN,2004,Februari,Natural,Meteorological,Storm,Severe weather,4,2400,0,0,Nusa Tenggara Barat
2004-0088-IDN,2004,Februari,Natural,Geophysical,Earthquake,Ground movement,5,507,0,0,Sumatera Barat
2004-0092-IDN,2004,Maret,Technological,Industrial accident,Fire (Industrial),Fire (Industrial),12,7282,0,0,Jawa Barat
2004-0093-IDN,2004,Januari,Natural,Biological,Epidemic,Viral disease,658,58301,0,0,Jawa Tengah
2004-0093-IDN,2004,Januari,Natural,Biological,Epidemic,Viral disease,658,58301,0,0,Jawa Barat
2004-0093-IDN,2004,Januari,Natural,Biological,Epidemic,Viral disease,658,58301,0,0,Banten
2004-0093-IDN,2004,Januari,Natural,Biological,Epidemic,Viral disease,658,58301,0,0,Aceh
2004-0093-IDN,2004,Januari,Natural,Biological,Epidemic,Viral disease,658,58301,0,0,Jambi
2004-0093-IDN,2004,Januari,Natural,Biological,Epidemic,Viral disease,658,58301,0,0,Yogyakarta
2004-0093-IDN,2004,Januari,Natural,Biological,Epidemic,Viral disease,658,58301,0,0,Bali
2004-0093-IDN,2004,Januari,Natural,Biological,Epidemic,Viral disease,658,58301,0,0,Kalimantan Selatan
2004-0093-IDN,2004,Januari,Natural,Biological,Epidemic,Viral disease,658,58301,0,0,Nusa Tenggara Barat
2004-0093-IDN,2004,Januari,Natural,Biological,Epidemic,Viral disease,658,58301,0,0,Nusa Tenggara Timur
2004-0098-IDN,2004,Februari,Natural,Hydrological,Flood,Riverine flood,5,13000,60000,92964,Jakarta
2004-0117-IDN,2004,Maret,Technological,Transport,Water,Water,223,11,0,0,Sulawesi Selatan
2004-0129-IDN,2004,Maret,Natural,Hydrological,Mass movement (wet),Landslide (wet),33,5000,0,0,Sulawesi Selatan
2004-0135-IDN,2004,April,Technological,Transport,Water,Water,14,17239,0,0,Papua
2004-0144-IDN,2004,Maret,Natural,Meteorological,Storm,Tropical cyclone,15,1315,0,0,Jawa Barat
2004-0173-IDN,2004,April,Natural,Hydrological,Mass movement (wet),Landslide (wet),13,7,0,0,Jawa Barat
2004-0177-IDN,2004,April,Natural,Hydrological,Mass movement (wet),Landslide (wet),44,11,0,0,Sumatera Barat
2004-0251-IDN,2004,Juni,Natural,Geophysical,Volcanic activity,Ash fall,17,16828,0,0,Sulawesi Utara
2004-0269-IDN,2004,Juni,Natural,Geophysical,Volcanic activity,Ash fall,2,20005,0,0,Jawa Timur
2004-0389-IDN,2004,Juli,Technological,Miscellaneous accident,Fire (Miscellaneous),Fire (Miscellaneous),2,2500,0,0,Jakarta
2004-0399-IDN,2004,Juli,Technological,Transport,Water,Water,14,2,0,0,Maluku
2004-0418-IDN,2004,Agustus,Technological,Transport,Water,Water,12,33,0,0,Sulawesi Utara
2004-0463-IDN,2004,September,Natural,Geophysical,Volcanic activity,Ash fall,10,2100,0,0,Nusa Tenggara Timur
2004-0562-IDN,2004,November,Natural,Geophysical,Earthquake,Ground movement,33,83381,0,0,Nusa Tenggara Timur
2004-0605-IDN,2004,November,Technological,Transport,Road,Road,16,10,0,0,Jawa Tengah
2004-0607-IDN,2004,November,Natural,Geophysical,Earthquake,Ground movement,32,12833,55000,85217,Papua
2004-0612-IDN,2004,November,Technological,Transport,Air,Air,25,56,0,0,Jawa Tengah
2004-0645-IDN,2004,Desember,Technological,Transport,Air,Air,14,17239,0,0,Jawa Tengah
2004-0659-IDN,2004,Desember,Natural,Geophysical,Earthquake,Tsunami,165708,532898,4451600,6897286,Sumatera Selatan
2004-0659-IDN,2004,Desember,Natural,Geophysical,Earthquake,Tsunami,165708,532898,4451600,6897286,Aceh
2004-0691-IDN,2004,Juni,Technological,Transport,Water,Water,22,185,0,0,Maluku
2004-0718-IDN,2004,Juli,Technological,Miscellaneous accident,Miscellaneous accident (General),Miscellaneous accident (General),11,101,0,0,Jawa Barat
2004-0723-IDN,2004,Agustus,Technological,Industrial accident,Poisoning,Poisoning,11,100,0,0,Kepulauan Riau
2005-0031-IDN,2005,Januari,Natural,Geophysical,Earthquake,Ground movement,1,684,0,0,Sulawesi Tengah
2005-0089-IDN,2005,Februari,Natural,Hydrological,Mass movement (wet),Landslide (wet),143,364609,5000,7493,Jawa Barat
2005-0091-IDN,2005,Maret,Technological,Transport,Air,Air,15,3,0,0,Papua
2005-0111-IDN,2005,Maret,Technological,Transport,Water,Water,33,84420,0,0,Riau
2005-0160-IDN,2005,Maret,Natural,Geophysical,Earthquake,Ground movement,915,105313,0,0,Sumatera Selatan
2005-0160-IDN,2005,Maret,Natural,Geophysical,Earthquake,Ground movement,915,105313,0,0,Aceh
2005-0202-IDN,2005,April,Natural,Geophysical,Volcanic activity,Ash fall,6,26000,0,0,Sumatera Barat
2005-0223-IDN,2005,April,Natural,Hydrological,Flood,Flash flood,47,768,0,0,Aceh
2005-0353-IDN,2005,Juli,Technological,Transport,Water,Water,200,346378,0,0,Papua
2005-0374-IDN,2005,Juni,Natural,Biological,Epidemic,Viral disease,15,329,0,0,Jawa Tengah
2005-0374-IDN,2005,Juni,Natural,Biological,Epidemic,Viral disease,15,329,0,0,Jawa Barat
2005-0374-IDN,2005,Juni,Natural,Biological,Epidemic,Viral disease,15,329,0,0,Jawa Timur
2005-0374-IDN,2005,Juni,Natural,Biological,Epidemic,Viral disease,15,329,0,0,Jakarta
2005-0374-IDN,2005,Juni,Natural,Biological,Epidemic,Viral disease,15,329,0,0,Banten
2005-0374-IDN,2005,Juni,Natural,Biological,Epidemic,Viral disease,15,329,0,0,Sumatera Utara
2005-0374-IDN,2005,Juni,Natural,Biological,Epidemic,Viral disease,15,329,0,0,Sumatera Selatan
2005-0374-IDN,2005,Juni,Natural,Biological,Epidemic,Viral disease,15,329,0,0,Aceh
2005-0374-IDN,2005,Juni,Natural,Biological,Epidemic,Viral disease,15,329,0,0,Riau
2005-0374-IDN,2005,Juni,Natural,Biological,Epidemic,Viral disease,15,329,0,0,Madura
2005-0430-IDN,2005,Agustus,Natural,Climatological,Wildfire,Forest fire,585,511572,0,0,Sumatera Utara
2005-0430-IDN,2005,Agustus,Natural,Climatological,Wildfire,Forest fire,585,511572,0,0,Kalimantan Selatan
2005-0430-IDN,2005,Agustus,Natural,Climatological,Wildfire,Forest fire,585,511572,0,0,Kalimantan Barat
2005-0430-IDN,2005,Agustus,Natural,Climatological,Wildfire,Forest fire,585,511572,0,0,Kalimantan Tengah
2005-0487-IDN,2005,September,Natural,Hydrological,Mass movement (wet),Landslide (wet),25,10,0,0,Sumatera Barat
2005-0495-IDN,2005,September,Technological,Transport,Air,Air,150,14,0,0,Sumatera Utara
2005-0549-IDN,2005,September,Technological,Transport,Water,Water,18,34,0,0,Sulawesi Utara
2005-0589-IDN,2005,Oktober,Natural,Hydrological,Flood,Flash flood,28,12211,0,0,Jawa Timur
2005-0589-IDN,2005,Oktober,Natural,Hydrological,Flood,Flash flood,28,12211,0,0,Aceh
2005-0718-IDN,2005,Desember,Natural,Hydrological,Flood,Flash flood,79,7811,0,0,Jawa Timur
2005-0788-IDN,2005,Juni,Technological,Transport,Rail,Rail,2,125,0,0,Jakarta
2006-0001-IDN,2006,Januari,Technological,Transport,Road,Road,11,14,0,0,Jawa Timur
2006-0007-IDN,2006,Januari,Natural,Hydrological,Mass movement (wet),Landslide (wet),156,8313,27000,39196,Jawa Tengah
2006-0052-IDN,2006,Januari,Technological,Transport,Water,Water,36,71,0,0,Nusa Tenggara Barat
2006-0069-IDN,2006,Januari,Natural,Hydrological,Mass movement (wet),Landslide (wet),11,3000,10943,15886,Nusa Tenggara Barat
2006-0069-IDN,2006,Januari,Natural,Hydrological,Mass movement (wet),Landslide (wet),11,3000,10943,15886,Nusa Tenggara Timur
2006-0069-IDN,2006,Januari,Natural,Hydrological,Mass movement (wet),Landslide (wet),11,3000,10943,15886,Bali
2006-0074-IDN,2006,Januari,Natural,Hydrological,Flood,Riverine flood,19,10000,27100,39342,Jawa Barat
2006-0074-IDN,2006,Januari,Natural,Hydrological,Flood,Riverine flood,19,10000,27100,39342,Jawa Tengah
2006-0074-IDN,2006,Januari,Natural,Hydrological,Flood,Riverine flood,19,10000,27100,39342,Jakarta
2006-0099-IDN,2006,Februari,Natural,Hydrological,Flood,Flash flood,39,17539,25000,36293,Sulawesi Utara
2006-0167-IDN,2006,April,Technological,Transport,Water,Water,29,3617,0,0,Nusa Tenggara Timur
2006-0192-IDN,2006,April,Natural,Hydrological,Flood,Riverine flood,22,402,0,0,Jawa Tengah
2006-0192-IDN,2006,April,Natural,Hydrological,Flood,Riverine flood,22,402,0,0,Jawa Timur
2006-0196-IDN,2006,April,Natural,Geophysical,Volcanic activity,Ash fall,5,11000,0,0,Jawa Tengah
2006-0196-IDN,2006,April,Natural,Geophysical,Volcanic activity,Ash fall,5,11000,0,0,Yogyakarta
2006-0198-IDN,2006,April,Technological,Transport,Rail,Rail,13,26,0,0,Jawa Timur
2006-0202-IDN,2006,April,Technological,Transport,Water,Water,10,50,0,0,Nusa Tenggara Timur
2006-0231-IDN,2006,Maret,Natural,Geophysical,Earthquake,Tsunami,3,1202,0,0,Maluku Utara
2006-0240-IDN,2006,Mei,Technological,Industrial accident,Collapse (Industrial),Collapse (Industrial),11,34817,0,0,Sumatera Barat
2006-0279-IDN,2006,Mei,Natural,Geophysical,Earthquake,Ground movement,5778,3177923,3100000,4500335,Jawa Tengah
2006-0279-IDN,2006,Mei,Natural,Geophysical,Earthquake,Ground movement,5778,3177923,3100000,4500335,Yogyakarta
2006-0311-IDN,2006,Juni,Natural,Hydrological,Flood,Flash flood,236,29231,55200,80135,Sulawesi Selatan
2006-0325-IDN,2006,Juni,Technological,Transport,Water,Water,35,51217,0,0,Bengkulu
2006-0328-IDN,2006,Juni,Natural,Hydrological,Flood,Flood (General),41,12005,0,0,Kalimantan Selatan
2006-0332-IDN,2006,Juni,Natural,Hydrological,Flood,Flash flood,52,18250,0,0,Kalimantan Selatan
2006-0343-IDN,2006,Juni,Natural,Hydrological,Flood,Riverine flood,22,5000,0,0,Sulawesi Utara
2006-0343-IDN,2006,Juni,Natural,Hydrological,Flood,Riverine flood,22,5000,0,0,Gorontalo
2006-0372-IDN,2006,Juli,Natural,Geophysical,Earthquake,Tsunami,802,35543,55000,79845,Jawa Barat
2006-0372-IDN,2006,Juli,Natural,Geophysical,Earthquake,Tsunami,802,35543,55000,79845,Jawa Tengah
2006-0471-IDN,2006,Agustus,Natural,Climatological,Wildfire,Forest fire,20,200,14000,20324,Sumatera Selatan
2006-0471-IDN,2006,Agustus,Natural,Climatological,Wildfire,Forest fire,20,200,14000,20324,Kalimantan Barat
2006-0471-IDN,2006,Agustus,Natural,Climatological,Wildfire,Forest fire,20,200,14000,20324,Kalimantan Selatan
2006-0471-IDN,2006,Agustus,Natural,Climatological,Wildfire,Forest fire,20,200,14000,20324,Kalimantan Tengah
2006-0471-IDN,2006,Agustus,Natural,Climatological,Wildfire,Forest fire,20,200,14000,20324,Jambi
2006-0501-IDN,2006,September,Technological,Miscellaneous accident,Miscellaneous accident (General),Miscellaneous accident (General),23,2278,0,0,Jakarta
2006-0608-IDN,2006,November,Technological,Industrial accident,Explosion (Industrial),Explosion (Industrial),12,11,0,0,Jawa Timur
2006-0609-IDN,2006,Mei,Technological,Industrial accident,Industrial accident (General),Industrial accident (General),13,36000,0,0,Jawa Timur
2006-0661-IDN,2006,November,Technological,Transport,Air,Air,12,7282,0,0,Papua
2006-0668-IDN,2006,Desember,Natural,Hydrological,Mass movement (wet),Landslide (wet),17,17367,0,0,Sumatera Barat
2006-0678-IDN,2006,Desember,Natural,Geophysical,Earthquake,Ground movement,8,1200,0,0,Sumatera Selatan
2006-0680-IDN,2006,Desember,Natural,Hydrological,Flood,Flash flood,236,618486,0,0,Sumatera Selatan
2006-0680-IDN,2006,Desember,Natural,Hydrological,Flood,Flash flood,236,618486,0,0,Aceh
2006-0680-IDN,2006,Desember,Natural,Hydrological,Flood,Flash flood,236,618486,0,0,Riau
2006-0692-IDN,2006,Desember,Technological,Transport,Water,Water,50,11885,0,0,Kepulauan Bangka Belitung
2006-0696-IDN,2006,Desember,Technological,Transport,Water,Water,400,250,0,0,Nusa Tenggara Barat
2006-0705-IDN,2006,Desember,Natural,Geophysical,Earthquake,Ground movement,1,114,0,0,Nusa Tenggara Barat
2007-0001-IDN,2007,Januari,Technological,Transport,Water,Water,15,10,0,0,Kalimantan Barat
2007-0002-IDN,2007,Januari,Technological,Transport,Air,Air,102,262118,0,0,Sulawesi Barat
2007-0011-IDN,2007,Januari,Natural,Hydrological,Mass movement (wet),Landslide (wet),11,34817,0,0,Sumatera Barat
2007-0016-IDN,2007,Januari,Natural,Hydrological,Mass movement (wet),Landslide (wet),32,3990,0,0,Sulawesi Utara
2007-0029-IDN,2007,Januari,Technological,Transport,Rail,Rail,5,100,0,0,Jawa Tengah
2007-0050-IDN,2007,Januari,Natural,Hydrological,Flood,Riverine flood,68,217087,971000,1370524,Jawa Barat
2007-0050-IDN,2007,Januari,Natural,Hydrological,Flood,Riverine flood,68,217087,971000,1370524,Jakarta
2007-0050-IDN,2007,Januari,Natural,Hydrological,Flood,Riverine flood,68,217087,971000,1370524,Banten
2007-0067-IDN,2007,Februari,Natural,Biological,Epidemic,Infectious disease (General),22,357,0,0,Jakarta
2007-0086-IDN,2007,Maret,Natural,Hydrological,Flood,Flash flood,74,11556,0,0,Nusa Tenggara Timur
2007-0087-IDN,2007,Maret,Natural,Geophysical,Earthquake,Ground movement,67,137660,200000,282291,Sumatera Barat
2007-0088-IDN,2007,Maret,Technological,Transport,Air,Air,22,50,0,0,Yogyakarta
2007-0090-IDN,2007,Februari,Technological,Transport,Water,Water,77,38092,0,0,Jakarta
2007-0175-IDN,2007,Mei,Natural,Hydrological,Flood,Riverine flood,4,60000,0,0,Kalimantan Timur
2007-0259-IDN,2007,Juli,Natural,Geophysical,Volcanic activity,Ash fall,12,9758,0,0,Maluku Utara
2007-0272-IDN,2007,Juli,Technological,Transport,Water,Water,47,15682,0,0,Maluku
2007-0274-IDN,2007,Juli,Natural,Biological,Epidemic,Viral disease,365,34542,0,0,Jakarta
2007-0283-IDN,2007,Juli,Natural,Hydrological,Flood,Riverine flood,58,5000,0,0,Sulawesi Tengah
2007-0309-IDN,2007,Juli,Natural,Hydrological,Flood,Riverine flood,15,2000,0,0,Sulawesi Selatan
2007-0312-IDN,2007,Juli,Natural,Hydrological,Flood,Riverine flood,88,3389,0,0,Sulawesi Tengah
2007-0440-IDN,2007,September,Natural,Geophysical,Earthquake,Ground movement,25,459567,500000,705728,Sumatera Barat
2007-0440-IDN,2007,September,Natural,Geophysical,Earthquake,Ground movement,25,459567,500000,705728,Bengkulu
2007-0440-IDN,2007,September,Natural,Geophysical,Earthquake,Ground movement,25,459567,500000,705728,Riau
2007-0440-IDN,2007,September,Natural,Geophysical,Earthquake,Ground movement,25,459567,500000,705728,Jambi
2007-0447-IDN,2007,September,Natural,Hydrological,Flood,Flood (General),4,1000,0,0,Kalimantan Timur
2007-0485-IDN,2007,September,Natural,Geophysical,Earthquake,Ground movement,7,469,0,0,Jawa Timur
2007-0511-IDN,2007,Oktober,Natural,Geophysical,Volcanic activity,Ash fall,33,22154,0,0,Jawa Timur
2007-0565-IDN,2007,November,Natural,Geophysical,Earthquake,Ground movement,3,21800,0,0,Nusa Tenggara Barat
2007-0610-IDN,2007,Desember,Natural,Hydrological,Flood,Riverine flood,127,269515,0,0,Jawa Tengah
2007-0610-IDN,2007,Desember,Natural,Hydrological,Flood,Riverine flood,127,269515,0,0,Jawa Timur
2007-0610-IDN,2007,Desember,Natural,Hydrological,Flood,Riverine flood,127,269515,0,0,Sumatera Barat
2007-0626-IDN,2007,Desember,Technological,Miscellaneous accident,Collapse (Miscellaneous),Collapse (Miscellaneous),50,11885,0,0,Jawa Timur
2007-0651-IDN,2007,Februari,Natural,Biological,Epidemic,Viral disease,16,312,0,0,Jakarta
2007-0651-IDN,2007,Februari,Natural,Biological,Epidemic,Viral disease,16,312,0,0,Banten
2007-0651-IDN,2007,Februari,Natural,Biological,Epidemic,Viral disease,16,312,0,0,Jawa Barat
2007-0702-IDN,2007,Oktober,Technological,Transport,Water,Water,60,20,0,0,Sulawesi Tenggara
2007-0704-IDN,2007,Oktober,Technological,Transport,Water,Water,30,41787,0,0,Sulawesi Tengah
2008-0013-IDN,2008,Januari,Natural,Hydrological,Flood,Riverine flood,3,1000,0,0,Jawa Barat
2008-0013-IDN,2008,Januari,Natural,Hydrological,Flood,Riverine flood,3,1000,0,0,Jakarta
2008-0013-IDN,2008,Januari,Natural,Hydrological,Flood,Riverine flood,3,1000,0,0,Banten
2008-0042-IDN,2008,Februari,Natural,Hydrological,Flood,Riverine flood,3,89761,0,0,Jakarta
2008-0052-IDN,2008,Januari,Natural,Hydrological,Flood,Riverine flood,3,40000,653,888,Jawa Timur
2008-0067-IDN,2008,Februari,Natural,Hydrological,Flood,Flash flood,14,7000,0,0,Jawa Timur
2008-0071-IDN,2008,Februari,Natural,Geophysical,Earthquake,Ground movement,3,25,0,0,Aceh
2008-0092-IDN,2008,Februari,Natural,Hydrological,Flood,Riverine flood,11,3500,0,0,Jawa Tengah
2008-0092-IDN,2008,Februari,Natural,Hydrological,Flood,Riverine flood,11,3500,0,0,Nusa Tenggara Timur
2008-0108-IDN,2008,Maret,Natural,Hydrological,Flood,Riverine flood,3,12000,0,0,Jawa Tengah
2008-0108-IDN,2008,Maret,Natural,Hydrological,Flood,Riverine flood,3,12000,0,0,Jawa Timur
2008-0128-IDN,2008,Maret,Natural,Hydrological,Flood,Riverine flood,406,60000,0,0,Riau
2008-0162-IDN,2008,April,Natural,Geophysical,Volcanic activity,Ash fall,7,600,0,0,Nusa Tenggara Timur
2008-0176-IDN,2008,April,Natural,Hydrological,Flood,Flash flood,288,34514,0,0,Aceh
2008-0189-IDN,2008,Mei,Natural,Hydrological,Mass movement (wet),Landslide (wet),21,40307,0,0,Papua
2008-0312-IDN,2008,Juli,Technological,Miscellaneous accident,Miscellaneous accident (General),Miscellaneous accident (General),16,85767,0,0,Papua
2008-0383-IDN,2008,September,Natural,Hydrological,Flood,Riverine flood,16,118000,1080,1468,Jawa Barat
2008-0383-IDN,2008,September,Natural,Hydrological,Flood,Riverine flood,16,118000,1080,1468,Sulawesi Selatan
2008-0383-IDN,2008,September,Natural,Hydrological,Flood,Riverine flood,16,118000,1080,1468,Kalimantan Selatan
2008-0383-IDN,2008,September,Natural,Hydrological,Flood,Riverine flood,16,118000,1080,1468,Riau
2008-0383-IDN,2008,September,Natural,Hydrological,Flood,Riverine flood,16,118000,1080,1468,Maluku
2008-0383-IDN,2008,September,Natural,Hydrological,Flood,Riverine flood,16,118000,1080,1468,Gorontalo
2008-0383-IDN,2008,September,Natural,Hydrological,Flood,Riverine flood,16,118000,1080,1468,Kalimantan Timur
2008-0403-IDN,2008,September,Natural,Geophysical,Earthquake,Ground movement,2,625,0,0,Sumatera Selatan
2008-0407-IDN,2008,September,Technological,Miscellaneous accident,Miscellaneous accident (General),Miscellaneous accident (General),21,11,0,0,Jawa Timur
2008-0502-IDN,2008,Oktober,Technological,Industrial accident,Collapse (Industrial),Collapse (Industrial),25,262620,0,0,Sulawesi Utara
2008-0526-IDN,2008,November,Natural,Hydrological,Flood,Riverine flood,33,84420,0,0,Sumatera Barat
2008-0526-IDN,2008,November,Natural,Hydrological,Flood,Riverine flood,33,84420,0,0,Bengkulu
2008-0526-IDN,2008,November,Natural,Hydrological,Flood,Riverine flood,33,84420,0,0,Sulawesi Selatan
2008-0526-IDN,2008,November,Natural,Hydrological,Flood,Riverine flood,33,84420,0,0,Sulawesi Tengah
2008-0526-IDN,2008,November,Natural,Hydrological,Flood,Riverine flood,33,84420,0,0,Sulawesi Barat
2008-0526-IDN,2008,November,Natural,Hydrological,Flood,Riverine flood,33,84420,0,0,Sulawesi Tenggara
2008-0526-IDN,2008,November,Natural,Hydrological,Flood,Riverine flood,33,84420,0,0,Jawa Barat
2008-0526-IDN,2008,November,Natural,Hydrological,Flood,Riverine flood,33,84420,0,0,Jawa Tengah
2008-0526-IDN,2008,November,Natural,Hydrological,Flood,Riverine flood,33,84420,0,0,Jawa Timur
2008-0526-IDN,2008,November,Natural,Hydrological,Flood,Riverine flood,33,84420,0,0,Kalimantan Timur
2008-0536-IDN,2008,November,Natural,Geophysical,Earthquake,Ground movement,6,10077,0,0,Sulawesi Tengah
2008-0536-IDN,2008,November,Natural,Geophysical,Earthquake,Ground movement,6,10077,0,0,Gorontalo
2008-0618-IDN,2008,Oktober,Natural,Hydrological,Flood,Riverine flood,5,11000,0,0,Jawa Barat
2008-0618-IDN,2008,Oktober,Natural,Hydrological,Flood,Riverine flood,5,11000,0,0,Jawa Tengah
2008-0618-IDN,2008,Oktober,Natural,Hydrological,Flood,Riverine flood,5,11000,0,0,Banten
2008-0618-IDN,2008,Oktober,Natural,Hydrological,Flood,Riverine flood,5,11000,0,0,Sumatera Selatan
2008-0618-IDN,2008,Oktober,Natural,Hydrological,Flood,Riverine flood,5,11000,0,0,Kalimantan Barat
2008-0618-IDN,2008,Oktober,Natural,Hydrological,Flood,Riverine flood,5,11000,0,0,Bengkulu
2008-0618-IDN,2008,Oktober,Natural,Hydrological,Flood,Riverine flood,5,11000,0,0,Bali
2008-0618-IDN,2008,Oktober,Natural,Hydrological,Flood,Riverine flood,5,11000,0,0,Gorontalo
2008-0635-IDN,2008,Desember,Natural,Hydrological,Flood,Riverine flood,24,15000,0,0,Nusa Tenggara Barat
2009-0001-IDN,2009,Januari,Natural,Geophysical,Earthquake,Ground movement,5,4250,10000,13641,Papua
2009-0020-IDN,2009,Januari,Technological,Transport,Water,Water,247,34,0,0,Kalimantan Timur
2009-0032-IDN,2009,Januari,Technological,Transport,Water,Water,28,3533,0,0,Sumatera Selatan
2009-0049-IDN,2009,Januari,Natural,Hydrological,Mass movement (wet),Landslide (wet),15,5,0,0,Nusa Tenggara Barat
2009-0063-IDN,2009,Januari,Natural,Hydrological,Flood,Flash flood,18,12000,0,0,Jawa Timur
2009-0063-IDN,2009,Januari,Natural,Hydrological,Flood,Flash flood,18,12000,0,0,Sulawesi Selatan
2009-0112-IDN,2009,Februari,Natural,Geophysical,Earthquake,Ground movement,11,3049,9000,12277,Sulawesi Utara
2009-0121-IDN,2009,Maret,Natural,Hydrological,Flood,Riverine flood,64,1600,0,0,Banten
2009-0135-IDN,2009,April,Technological,Transport,Air,Air,24,264762,0,0,Jawa Tengah
2009-0154-IDN,2009,April,Technological,Transport,Air,Air,11,34817,0,0,Papua
2009-0196-IDN,2009,Mei,Technological,Transport,Air,Air,100,15,0,0,Jawa Timur
2009-0208-IDN,2009,Mei,Technological,Miscellaneous accident,Miscellaneous accident (General),Miscellaneous accident (General),25,262620,0,0,Bali
2009-0231-IDN,2009,Juni,Technological,Industrial accident,Explosion (Industrial),Explosion (Industrial),41,12005,0,0,Sumatera Barat
2009-0352-IDN,2009,September,Natural,Hydrological,Flood,Flash flood,38,10000,0,0,Sumatera Selatan
2009-0354-IDN,2009,September,Natural,Geophysical,Earthquake,Ground movement,128,339792,160000,218260,Jawa Barat
2009-0354-IDN,2009,September,Natural,Geophysical,Earthquake,Ground movement,128,339792,160000,218260,Jawa Tengah
2009-0354-IDN,2009,September,Natural,Geophysical,Earthquake,Ground movement,128,339792,160000,218260,Jakarta
2009-0421-IDN,2009,September,Natural,Geophysical,Earthquake,Ground movement,1195,2501798,2200000,3001070,Sumatera Barat
2009-0421-IDN,2009,September,Natural,Geophysical,Earthquake,Ground movement,1195,2501798,2200000,3001070,Jambi
2009-0436-IDN,2009,Oktober,Natural,Hydrological,Flood,Flash flood,2,2500,0,0,Sulawesi Tengah
2009-0479-IDN,2009,November,Natural,Geophysical,Earthquake,Ground movement,2,1510,2430,3315,Nusa Tenggara Barat
2009-0480-IDN,2009,November,Natural,Hydrological,Mass movement (wet),Landslide (wet),14,17239,0,0,Sulawesi Selatan
2009-0520-IDN,2009,November,Technological,Transport,Water,Water,46,245,0,0,Jawa Tengah
2009-0533-IDN,2009,Desember,Technological,Miscellaneous accident,Fire (Miscellaneous),Fire (Miscellaneous),20,13,0,0,Sumatera Selatan
2009-0540-IDN,2009,Desember,Natural,Hydrological,Flood,Flash flood,6,704,0,0,Sulawesi Utara
2010-0026-IDN,2010,Januari,Natural,Hydrological,Flood,Riverine flood,5,28500,0,0,Jawa Timur
2010-0034-IDN,2010,Januari,Natural,Hydrological,Flood,Flash flood,10,355,0,0,Sulawesi Tenggara
2010-0075-IDN,2010,Februari,Natural,Hydrological,Flood,Riverine flood,44,100,0,0,Jawa Barat
2010-0213-IDN,2010,Juni,Technological,Miscellaneous accident,Collapse (Miscellaneous),Collapse (Miscellaneous),12,25,0,0,Sumatera Barat
2010-0238-IDN,2010,Juni,Natural,Geophysical,Earthquake,Ground movement,17,4600,0,0,Papua
2010-0301-IDN,2010,Juli,Natural,Hydrological,Flood,Riverine flood,21,15007,0,0,Kalimantan Selatan
2010-0301-IDN,2010,Juli,Natural,Hydrological,Flood,Riverine flood,21,15007,0,0,Maluku Utara
2010-0376-IDN,2010,Agustus,Technological,Transport,Water,Water,10,78,0,0,Nusa Tenggara Timur
2010-0446-IDN,2010,Agustus,Natural,Geophysical,Volcanic activity,Ash fall,1,15060,0,0,Sumatera Selatan
2010-0512-IDN,2010,Oktober,Natural,Hydrological,Flood,Flash flood,291,12428,78000,104685,Papua
2010-0514-IDN,2010,Oktober,Technological,Transport,Rail,Rail,36,30,0,0,Jawa Tengah
2010-0533-IDN,2010,Oktober,Natural,Hydrological,Mass movement (wet),Landslide (wet),13,18,0,0,Sulawesi Tengah
2010-0558-IDN,2010,Oktober,Technological,Transport,Water,Water,22,44,0,0,Nusa Tenggara Barat
2010-0562-IDN,2010,Oktober,Natural,Geophysical,Volcanic activity,Ash fall,322,137140,0,0,Jawa Tengah
2010-0562-IDN,2010,Oktober,Natural,Geophysical,Volcanic activity,Ash fall,322,137140,0,0,Yogyakarta
2010-0563-IDN,2010,Oktober,Natural,Geophysical,Earthquake,Tsunami,530,11864,0,0,Sumatera Barat
2010-0576-IDN,2010,November,Natural,Hydrological,Flood,Flash flood,16,200,0,0,Nusa Tenggara Timur
2010-0684-IDN,2010,September,Natural,Hydrological,Flood,Riverine flood,24,264762,0,0,Kalimantan Selatan
2011-0023-IDN,2011,Januari,Natural,Hydrological,Flood,Riverine flood,8,12000,0,0,Jawa Barat
2011-0027-IDN,2011,Januari,Technological,Transport,Water,Water,27,627,0,0,Lampung
2011-0082-IDN,2011,Maret,Natural,Geophysical,Earthquake,Tsunami,1,95,0,0,Papua
2011-0088-IDN,2011,Maret,Natural,Hydrological,Flood,Riverine flood,21,750,0,0,Aceh
2011-0094-IDN,2011,Februari,Natural,Hydrological,Flood,Flash flood,3,1060,0,0,Jawa Tengah
2011-0153-IDN,2011,Mei,Natural,Hydrological,Mass movement (wet),Landslide (wet),19,4,0,0,Jawa Barat
2011-0154-IDN,2011,Mei,Technological,Transport,Air,Air,25,262620,0,0,Papua
2011-0198-IDN,2011,Juni,Technological,Transport,Water,Water,28,70,0,0,Kalimantan Timur
2011-0260-IDN,2011,Juli,Technological,Transport,Road,Road,16,85767,0,0,Jawa Timur
2011-0298-IDN,2011,Agustus,Technological,Transport,Air,Air,10,70717,0,0,Sulawesi Utara
2011-0339-IDN,2011,Agustus,Technological,Transport,Water,Water,7,93,0,0,Sulawesi Tenggara
2011-0374-IDN,2011,September,Technological,Transport,Water,Water,25,11,0,0,Bali
2011-0389-IDN,2011,September,Natural,Geophysical,Earthquake,Ground movement,10,70717,5850,7611,Aceh
2011-0406-IDN,2011,September,Technological,Transport,Air,Air,18,72534,0,0,Batam
2011-0485-IDN,2011,November,Technological,Miscellaneous accident,Collapse (Miscellaneous),Collapse (Miscellaneous),48,39,0,0,Kalimantan Timur
2011-0493-IDN,2011,November,Natural,Hydrological,Mass movement (wet),Landslide (wet),34,84377,0,0,Sumatera Selatan
2011-0506-IDN,2011,Juli,Natural,Geophysical,Volcanic activity,Ash fall,9,6000,0,0,Sulawesi Utara
2011-0520-IDN,2011,Desember,Technological,Transport,Water,Water,203,13,0,0,Jawa Timur
2011-0568-IDN,2011,Desember,Natural,Geophysical,Volcanic activity,Ash fall,3,2373,0,0,Maluku Utara
2011-0575-IDN,2011,April,Natural,Hydrological,Flood,Riverine flood,18,3000,0,0,Papua
2011-0603-IDN,2011,Desember,Natural,Hydrological,Flood,Riverine flood,10,54,0,0,Jawa Tengah
2011-0645-IDN,2011,Maret,Natural,Hydrological,Flood,Riverine flood,13,3000,0,0,Papua
2012-0097-IDN,2012,April,Natural,Geophysical,Earthquake,Ground movement,7,107,0,0,Aceh
2012-0131-IDN,2012,Mei,Technological,Transport,Air,Air,46,7706,0,0,Jawa Barat
2012-0221-IDN,2012,Juni,Technological,Transport,Water,Water,58,12,0,0,Maluku
2012-0225-IDN,2012,Juni,Technological,Transport,Air,Air,10,70717,0,0,Jakarta
2012-0248-IDN,2012,Mei,Technological,Transport,Road,Road,13,333,0,0,Sumatera Utara
2012-0249-IDN,2012,Mei,Natural,Hydrological,Mass movement (wet),Landslide (wet),20,215,0,0,Maluku
2012-0250-IDN,2012,Mei,Natural,Hydrological,Mass movement (wet),Landslide (wet),12,7282,0,0,Jawa Barat
2012-0266-IDN,2012,Juli,Natural,Hydrological,Flood,Riverine flood,8,625,0,0,Maluku
2012-0353-IDN,2012,September,Technological,Transport,Water,Water,23,2278,0,0,Kalimantan Selatan
2012-0378-IDN,2012,September,Natural,Hydrological,Flood,Flash flood,10,1150,0,0,Sumatera Barat
2012-0398-IDN,2012,Agustus,Natural,Geophysical,Earthquake,Ground movement,6,7883,0,0,Sulawesi Tengah
2012-0426-IDN,2012,November,Natural,Hydrological,Flood,Riverine flood,13,15210,0,0,Sumatera Utara
2012-0426-IDN,2012,November,Natural,Hydrological,Flood,Riverine flood,13,15210,0,0,Sulawesi Barat
2012-0432-IDN,2012,Agustus,Natural,Hydrological,Flood,Flash flood,4,1045,0,0,Sulawesi Tengah
2012-0448-IDN,2012,September,Technological,Transport,Water,Water,38,207,0,0,Bengkulu
2012-0539-IDN,2012,Desember,Natural,Hydrological,Flood,Riverine flood,3,10500,0,0,Sumatera Barat
2012-0539-IDN,2012,Desember,Natural,Hydrological,Flood,Riverine flood,3,10500,0,0,Nusa Tenggara Barat
2012-0558-IDN,2012,Januari,Natural,Meteorological,Storm,Storm (General),16,10060,1000,1275,Jawa Barat
2012-0558-IDN,2012,Januari,Natural,Meteorological,Storm,Storm (General),16,10060,1000,1275,Jawa Tengah
2012-0558-IDN,2012,Januari,Natural,Meteorological,Storm,Storm (General),16,10060,1000,1275,Jawa Timur
2012-0558-IDN,2012,Januari,Natural,Meteorological,Storm,Storm (General),16,10060,1000,1275,Jakarta
2012-0561-IDN,2012,Februari,Natural,Meteorological,Storm,Tornado,5,490,0,0,Sumatera Selatan
2012-0561-IDN,2012,Februari,Natural,Meteorological,Storm,Tornado,5,490,0,0,Sulawesi Selatan
2012-0575-IDN,2012,Mei,Natural,Hydrological,Flood,Riverine flood,5,1020,0,0,Maluku Utara
2012-0582-IDN,2012,Juli,Natural,Hydrological,Flood,Flash flood,8,3770,0,0,Maluku
2013-0007-IDN,2013,Januari,Natural,Hydrological,Flood,Riverine flood,34,248846,3000000,3768782,Jakarta
2013-0020-IDN,2013,Januari,Natural,Geophysical,Earthquake,Ground movement,1,515,0,0,Aceh
2013-0022-IDN,2013,Januari,Natural,Hydrological,Mass movement (wet),Landslide (wet),21,3,0,0,Sumatera Barat
2013-0022-IDN,2013,Januari,Natural,Hydrological,Mass movement (wet),Landslide (wet),21,3,0,0,Jambi
2013-0034-IDN,2013,Januari,Natural,Hydrological,Flood,Riverine flood,8,1000,0,0,Sulawesi Selatan
2013-0063-IDN,2013,Februari,Natural,Hydrological,Flood,Riverine flood,17,58040,2000,2513,Sulawesi Utara
2013-0063-IDN,2013,Februari,Natural,Hydrological,Flood,Riverine flood,17,58040,2000,2513,Riau
2013-0086-IDN,2013,Maret,Natural,Hydrological,Mass movement (wet),Landslide (wet),13,333,0,0,Jawa Barat
2013-0126-IDN,2013,April,Natural,Hydrological,Flood,Riverine flood,11,115000,0,0,Jawa Tengah
2013-0126-IDN,2013,April,Natural,Hydrological,Flood,Riverine flood,11,115000,0,0,Jawa Timur
2013-0128-IDN,2013,Mei,Technological,Industrial accident,Collapse (Industrial),Collapse (Industrial),28,10,0,0,Papua
2013-0235-IDN,2013,Juli,Natural,Geophysical,Earthquake,Ground movement,48,55935,130000,163314,Aceh
2013-0250-IDN,2013,Juli,Technological,Miscellaneous accident,Miscellaneous accident (General),Miscellaneous accident (General),17,38,0,0,Papua
2013-0267-IDN,2013,Juli,Natural,Hydrological,Flood,Riverine flood,12,8140,0,0,Maluku
2013-0364-IDN,2013,September,Natural,Hydrological,Flood,Riverine flood,22,23640,0,0,Kalimantan Barat
2013-0364-IDN,2013,September,Natural,Hydrological,Flood,Riverine flood,22,23640,0,0,Aceh
2013-0364-IDN,2013,September,Natural,Hydrological,Flood,Riverine flood,22,23640,0,0,Gorontalo
2013-0364-IDN,2013,September,Natural,Hydrological,Flood,Riverine flood,22,23640,0,0,Kalimantan Timur
2013-0428-IDN,2013,Oktober,Natural,Hydrological,Flood,Riverine flood,8,16000,0,0,Sumatera Selatan
2013-0436-IDN,2013,Oktober,Natural,Geophysical,Earthquake,Ground movement,1,2738,0,0,Aceh
2013-0455-IDN,2013,Juli,Technological,Transport,Water,Water,11,189,0,0,Jawa Barat
2013-0475-IDN,2013,September,Technological,Transport,Water,Water,36,51817,0,0,Jawa Barat
2013-0541-IDN,2013,Desember,Natural,Hydrological,Flood,Riverine flood,25,22500,2000,2513,Sumatera Selatan
2013-0542-IDN,2013,September,Natural,Geophysical,Volcanic activity,Ash fall,40,29727,0,0,Sumatera Selatan
2013-0553-IDN,2013,Desember,Natural,Hydrological,Flood,Riverine flood,4,84250,2000,2513,Jawa Timur
2013-0560-IDN,2013,Februari,Natural,Hydrological,Flood,Riverine flood,3,13860,0,0,Nusa Tenggara Timur
2014-0018-IDN,2014,Januari,Natural,Hydrological,Flood,Riverine flood,20,128182,153000,189140,Sulawesi Utara
2014-0034-IDN,2014,Januari,Natural,Hydrological,Mass movement (wet),Landslide (wet),19,292648,0,0,Jawa Timur
2014-0038-IDN,2014,Januari,Natural,Hydrological,Flood,Riverine flood,64,260350,173000,213864,Jawa Barat
2014-0038-IDN,2014,Januari,Natural,Hydrological,Flood,Riverine flood,64,260350,173000,213864,Jawa Tengah
2014-0038-IDN,2014,Januari,Natural,Hydrological,Flood,Riverine flood,64,260350,173000,213864,Jawa Timur
2014-0044-IDN,2014,Februari,Natural,Geophysical,Volcanic activity,Ash fall,32,32002,83000,102605,Sumatera Selatan
2014-0056-IDN,2014,Januari,Natural,Hydrological,Flood,Riverine flood,32,20000,600000,741724,Jakarta
2014-0056-IDN,2014,Januari,Natural,Hydrological,Flood,Riverine flood,32,20000,600000,741724,Banten
2014-0057-IDN,2014,Januari,Natural,Hydrological,Flood,Riverine flood,11,4000,2000,2472,Jawa Tengah
2014-0057-IDN,2014,Januari,Natural,Hydrological,Flood,Riverine flood,11,4000,2000,2472,Jawa Timur
2014-0064-IDN,2014,Februari,Natural,Geophysical,Volcanic activity,Ash fall,7,83158,103000,127329,Jawa Tengah
2014-0064-IDN,2014,Februari,Natural,Geophysical,Volcanic activity,Ash fall,7,83158,103000,127329,Jawa Timur
2014-0064-IDN,2014,Februari,Natural,Geophysical,Volcanic activity,Ash fall,7,83158,103000,127329,Nusa Tenggara Barat
2014-0064-IDN,2014,Februari,Natural,Geophysical,Volcanic activity,Ash fall,7,83158,103000,127329,Yogyakarta
2014-0081-IDN,2014,Februari,Natural,Hydrological,Flood,Riverine flood,13,275,0,0,Papua
2014-0186-IDN,2014,Juni,Technological,Industrial accident,Collapse (Industrial),Collapse (Industrial),15,3,0,0,Kalimantan Timur
2014-0299-IDN,2014,Juli,Technological,Transport,Water,Water,19,292648,0,0,Lampung
2014-0300-IDN,2014,Juli,Technological,Transport,Water,Water,17,53,0,0,Kalimantan Barat
2014-0361-IDN,2014,September,Technological,Transport,Water,Water,21,40307,0,0,Maluku Utara
2014-0374-IDN,2014,Oktober,Technological,Industrial accident,Collapse (Industrial),Collapse (Industrial),18,72534,0,0,Kalimantan Selatan
2014-0376-IDN,2014,Oktober,Technological,Transport,Water,Water,43,7603,0,0,Bali
2014-0473-IDN,2014,November,Natural,Hydrological,Flood,Riverine flood,1,10420,0,0,Sumatera Barat
2014-0473-IDN,2014,November,Natural,Hydrological,Flood,Riverine flood,1,10420,0,0,Sumatera Selatan
2014-0473-IDN,2014,November,Natural,Hydrological,Flood,Riverine flood,1,10420,0,0,Aceh
2014-0473-IDN,2014,November,Natural,Hydrological,Flood,Riverine flood,1,10420,0,0,Bengkulu
2014-0473-IDN,2014,November,Natural,Hydrological,Flood,Riverine flood,1,10420,0,0,Riau
2014-0473-IDN,2014,November,Natural,Hydrological,Flood,Riverine flood,1,10420,0,0,Jambi
2014-0483-IDN,2014,Desember,Natural,Hydrological,Mass movement (wet),Landslide (wet),108,3900,0,0,Jawa Tengah
2014-0500-IDN,2014,Desember,Technological,Transport,Air,Air,162,358868,0,0,Jawa Timur
2014-0576-IDN,2014,Juli,Technological,Industrial accident,Collapse (Industrial),Collapse (Industrial),13,2,0,0,Papua
2015-0036-IDN,2015,Januari,Natural,Hydrological,Flood,Flash flood,1,8259,0,0,Sumatera Barat
2015-0056-IDN,2015,Februari,Natural,Hydrological,Flood,Riverine flood,72,300,0,0,Gorontalo
2015-0076-IDN,2015,Januari,Natural,Hydrological,Flood,Riverine flood,2,25000,0,0,Jawa Barat
2015-0076-IDN,2015,Januari,Natural,Hydrological,Flood,Riverine flood,2,25000,0,0,Jawa Tengah
2015-0076-IDN,2015,Januari,Natural,Hydrological,Flood,Riverine flood,2,25000,0,0,Jawa Timur
2015-0076-IDN,2015,Januari,Natural,Hydrological,Flood,Riverine flood,2,25000,0,0,Jakarta
2015-0076-IDN,2015,Januari,Natural,Hydrological,Flood,Riverine flood,2,25000,0,0,Nusa Tenggara Timur
2015-0076-IDN,2015,Januari,Natural,Hydrological,Flood,Riverine flood,2,25000,0,0,Bali
2015-0077-IDN,2015,Februari,Natural,Hydrological,Flood,Riverine flood,6,25311,235000,290164,Jawa Tengah
2015-0077-IDN,2015,Februari,Natural,Hydrological,Flood,Riverine flood,6,25311,235000,290164,Jawa Timur
2015-0077-IDN,2015,Februari,Natural,Hydrological,Flood,Riverine flood,6,25311,235000,290164,Jakarta
2015-0077-IDN,2015,Februari,Natural,Hydrological,Flood,Riverine flood,6,25311,235000,290164,Nusa Tenggara Barat
2015-0077-IDN,2015,Februari,Natural,Hydrological,Flood,Riverine flood,6,25311,235000,290164,Bali
2015-0077-IDN,2015,Desember,Natural,Hydrological,Flood,Riverine flood,6,25311,235000,290164,Jawa Barat
2015-0112-IDN,2015,Maret,Natural,Hydrological,Mass movement (wet),Rockfall (wet),12,55,0,0,Jawa Barat
2015-0129-IDN,2015,Maret,Natural,Hydrological,Flood,Riverine flood,37,8000,0,0,Jawa Barat
2015-0181-IDN,2015,Mei,Natural,Hydrological,Mass movement (wet),Landslide (wet),13,333,0,0,Jawa Tengah
2015-0181-IDN,2015,Mei,Natural,Hydrological,Mass movement (wet),Landslide (wet),13,333,0,0,Jawa Timur
2015-0181-IDN,2015,Mei,Natural,Hydrological,Mass movement (wet),Landslide (wet),13,333,0,0,Banten
2015-0181-IDN,2015,Februari,Natural,Hydrological,Mass movement (wet),Landslide (wet),13,333,0,0,Jawa Barat
2015-0267-IDN,2015,Juni,Technological,Transport,Air,Air,142,364609,0,0,Sumatera Selatan
2015-0362-IDN,2015,Agustus,Technological,Transport,Air,Air,54,1470,0,0,Papua
2015-0412-IDN,2015,Juli,Natural,Hydrological,Flood,Flood (General),6,25750,0,0,Aceh
2015-0415-IDN,2015,September,Natural,Geophysical,Earthquake,Ground movement,52,12247,0,0,Papua
2015-0429-IDN,2015,September,Natural,Climatological,Wildfire,Forest fire,19,409664,1000000,1234742,Sumatera Selatan
2015-0429-IDN,2015,September,Natural,Climatological,Wildfire,Forest fire,19,409664,1000000,1234742,Kalimantan Barat
2015-0429-IDN,2015,September,Natural,Climatological,Wildfire,Forest fire,19,409664,1000000,1234742,Kalimantan Selatan
2015-0429-IDN,2015,September,Natural,Climatological,Wildfire,Forest fire,19,409664,1000000,1234742,Riau
2015-0429-IDN,2015,September,Natural,Climatological,Wildfire,Forest fire,19,409664,1000000,1234742,Jambi
2015-0429-IDN,2015,September,Natural,Climatological,Wildfire,Forest fire,19,409664,1000000,1234742,Kalimantan Timur
2015-0524-IDN,2015,Desember,Natural,Hydrological,Mass movement (wet),Landslide (wet),20,105,0,0,Bengkulu
2015-0527-IDN,2015,Desember,Technological,Transport,Road,Road,16,85767,0,0,Jakarta
2015-0538-IDN,2015,Desember,Technological,Transport,Water,Water,14,17239,0,0,Kalimantan Barat
2015-0557-IDN,2015,Desember,Technological,Transport,Water,Water,78,37,0,0,Sulawesi Selatan
2015-9411-IDN,2015,Juli,Natural,Climatological,Drought,Drought,11,34817,0,0,Papua
2016-0019-IDN,2016,Januari,Natural,Geophysical,Earthquake,Ground movement,15,368,0,0,Maluku Utara
2016-0040-IDN,2016,Februari,Natural,Hydrological,Flood,Flood (General),8,80313,2000,2439,Sumatera Barat
2016-0040-IDN,2016,Februari,Natural,Hydrological,Flood,Flood (General),8,80313,2000,2439,Aceh
2016-0040-IDN,2016,Februari,Natural,Hydrological,Flood,Flood (General),8,80313,2000,2439,Riau
2016-0057-IDN,2016,Februari,Natural,Hydrological,Flood,Flood (General),40,30000,0,0,Jawa Barat
2016-0057-IDN,2016,Februari,Natural,Hydrological,Flood,Flood (General),40,30000,0,0,Jawa Timur
2016-0057-IDN,2016,Februari,Natural,Hydrological,Flood,Flood (General),40,30000,0,0,Kalimantan Barat
2016-0057-IDN,2016,Februari,Natural,Hydrological,Flood,Flood (General),40,30000,0,0,Jambi
2016-0092-IDN,2016,Maret,Natural,Hydrological,Flood,Flood (General),6,12500,0,0,Jawa Barat
2016-0092-IDN,2016,Maret,Natural,Hydrological,Flood,Flood (General),6,12500,0,0,Jakarta
2016-0092-IDN,2016,Maret,Natural,Hydrological,Flood,Flood (General),6,12500,0,0,Sulawesi Selatan
2016-0092-IDN,2016,Maret,Natural,Hydrological,Flood,Flood (General),6,12500,0,0,Kalimantan Barat
2016-0092-IDN,2016,Maret,Natural,Hydrological,Flood,Flood (General),6,12500,0,0,Kalimantan Selatan
2016-0092-IDN,2016,Maret,Natural,Hydrological,Flood,Flood (General),6,12500,0,0,Jambi
2016-0094-IDN,2016,Maret,Natural,Hydrological,Flood,Riverine flood,5,24000,0,0,Jawa Barat
2016-0156-IDN,2016,Mei,Natural,Hydrological,Mass movement (wet),Landslide (wet),15,10575,0,0,Sumatera Utara
2016-0208-IDN,2016,Juni,Technological,Transport,Water,Water,12,1,0,0,Papua
2016-0216-IDN,2016,Juni,Natural,Hydrological,Mass movement (wet),Landslide (wet),62,215708,25000,30484,Jawa Tengah
2016-0216-IDN,2016,Juni,Natural,Hydrological,Mass movement (wet),Landslide (wet),62,215708,25000,30484,Sumatera Barat
2016-0306-IDN,2016,Juli,Natural,Hydrological,Flood,Flood (General),83,1354,0,0,Sulawesi Tenggara
2016-0345-IDN,2016,September,Natural,Hydrological,Flood,Flood (General),53,8920,22000,26826,Jawa Barat
2016-0411-IDN,2016,Oktober,Technological,Industrial accident,Industrial accident (General),Industrial accident (General),11,34817,0,0,Jambi
2016-0415-IDN,2016,November,Technological,Transport,Water,Water,60,1131,0,0,Kepulauan Riau
2016-0425-IDN,2016,Oktober,Natural,Hydrological,Flood,Flood (General),2,4500,0,0,Gorontalo
2016-0458-IDN,2016,Agustus,Natural,Geophysical,Earthquake,Ground movement,54,3410,0,0,Nusa Tenggara Barat
2016-0475-IDN,2016,Desember,Natural,Geophysical,Earthquake,Ground movement,104,86018,100000,121936,Aceh
2016-0479-IDN,2016,November,Natural,Hydrological,Flood,Riverine flood,5,19669,0,0,Jawa Barat
2016-0499-IDN,2016,Desember,Technological,Transport,Air,Air,13,333,0,0,Papua
2016-0525-IDN,2016,November,Natural,Hydrological,Flood,Flood (General),10,105000,10000,12194,Jawa Tengah
2016-0525-IDN,2016,November,Natural,Hydrological,Flood,Flood (General),10,105000,10000,12194,Jawa Timur
2016-0525-IDN,2016,November,Natural,Hydrological,Flood,Flood (General),10,105000,10000,12194,Banten
2016-0525-IDN,2016,November,Natural,Hydrological,Flood,Flood (General),10,105000,10000,12194,Kalimantan Barat
2016-0525-IDN,2016,November,Natural,Hydrological,Flood,Flood (General),10,105000,10000,12194,Jambi
2016-0527-IDN,2016,Desember,Natural,Hydrological,Flood,Flood (General),268,105753,74000,90233,Nusa Tenggara Barat
2017-0001-IDN,2017,Januari,Technological,Transport,Water,Water,40,194,0,0,Jakarta
2017-0059-IDN,2017,Februari,Natural,Hydrological,Flood,Flood (General),2,400,0,0,Jakarta
2017-0068-IDN,2017,Februari,Natural,Hydrological,Mass movement (wet),Landslide (wet),12,50500,2000,2388,Nusa Tenggara Barat
2017-0068-IDN,2017,Februari,Natural,Hydrological,Mass movement (wet),Landslide (wet),12,50500,2000,2388,Bali
2017-0102-IDN,2017,April,Natural,Hydrological,Mass movement (wet),Landslide (wet),28,177,11000,13133,Jawa Timur
2017-0111-IDN,2017,Maret,Natural,Hydrological,Flood,Riverine flood,8,17410,19000,22685,Sumatera Barat
2017-0147-IDN,2017,April,Natural,Hydrological,Flood,Flash flood,12,359,0,0,Jawa Tengah
2017-0177-IDN,2017,Juni,Natural,Hydrological,Flood,Riverine flood,4,282420,0,0,Sulawesi Tengah
2017-0177-IDN,2017,Juni,Natural,Hydrological,Flood,Riverine flood,4,282420,0,0,Kalimantan Barat
2017-0177-IDN,2017,Juni,Natural,Hydrological,Flood,Riverine flood,4,282420,0,0,Gorontalo
2017-0206-IDN,2017,Mei,Natural,Hydrological,Flood,Flash flood,7,25011,2000,2388,Jakarta
2017-0206-IDN,2017,Mei,Natural,Hydrological,Flood,Flash flood,7,25011,2000,2388,Banten
2017-0206-IDN,2017,Mei,Natural,Hydrological,Flood,Flash flood,7,25011,2000,2388,Sumatera Utara
2017-0206-IDN,2017,Mei,Natural,Hydrological,Flood,Flash flood,7,25011,2000,2388,Sulawesi Selatan
2017-0206-IDN,2017,Mei,Natural,Hydrological,Flood,Flash flood,7,25011,2000,2388,Sulawesi Tenggara
2017-0206-IDN,2017,Mei,Natural,Hydrological,Flood,Flash flood,7,25011,2000,2388,Kalimantan Timur
2017-0206-IDN,2017,Mei,Natural,Hydrological,Flood,Flash flood,7,25011,2000,2388,Kalimantan Utara
2017-0277-IDN,2017,Juli,Technological,Transport,Road,Road,10,9,0,0,Jawa Timur
2017-0277-IDN,2017,Juli,Technological,Transport,Road,Road,10,9,0,0,Bali
2017-0278-IDN,2017,April,Technological,Transport,Road,Road,11,50,0,0,Jawa Barat
2017-0393-IDN,2017,September,Natural,Geophysical,Volcanic activity,Volcanic activity (General),113,133349,0,0,Bali
2017-0429-IDN,2017,Oktober,Technological,Industrial accident,Fire (Industrial),Fire (Industrial),46,10,0,0,Jakarta
2017-0429-IDN,2017,Oktober,Technological,Industrial accident,Fire (Industrial),Fire (Industrial),46,10,0,0,Banten
2017-0494-IDN,2017,November,Natural,Hydrological,Flood,Flood (General),9,12000,0,0,Aceh
2017-0515-IDN,2017,November,Natural,Meteorological,Storm,Tropical cyclone,11,2035,0,0,Jawa Timur
2017-0530-IDN,2017,Desember,Natural,Geophysical,Earthquake,Ground movement,4,8895,0,0,Jawa Barat
2017-0530-IDN,2017,Desember,Natural,Geophysical,Earthquake,Ground movement,4,8895,0,0,Jakarta
2017-0530-IDN,2017,Desember,Natural,Geophysical,Earthquake,Ground movement,4,8895,0,0,Jawa Tengah
2017-0530-IDN,2017,Desember,Natural,Geophysical,Earthquake,Ground movement,4,8895,0,0,Yogyakarta
2017-0576-IDN,2017,November,Natural,Hydrological,Flood,Flash flood,2,2280,0,0,Nusa Tenggara Barat
2018-0016-IDN,2018,Januari,Natural,Geophysical,Volcanic activity,Ash fall,90,50000,0,0,Bali
2018-0031-IDN,2018,Januari,Natural,Geophysical,Earthquake,Ground movement,1,13811,80000,93237,Jakarta
2018-0031-IDN,2018,Januari,Natural,Geophysical,Earthquake,Ground movement,1,13811,80000,93237,Banten
2018-0031-IDN,2018,Januari,Natural,Geophysical,Earthquake,Ground movement,1,13811,80000,93237,Jawa Barat
2018-0056-IDN,2018,Februari,Natural,Hydrological,Mass movement (wet),Landslide (wet),15,50014,0,0,Jawa Barat
2018-0056-IDN,2018,Februari,Natural,Hydrological,Mass movement (wet),Landslide (wet),15,50014,0,0,Jawa Tengah
2018-0121-IDN,2018,Maret,Natural,Hydrological,Flood,Flood (General),3,12001,0,0,Sulawesi Barat
2018-0121-IDN,2018,Maret,Natural,Hydrological,Flood,Flood (General),3,12001,0,0,Kalimantan Timur
2018-0121-IDN,2018,Maret,Natural,Hydrological,Flood,Flood (General),3,12001,0,0,Sumatera Utara
2018-0141-IDN,2018,April,Technological,Industrial accident,Explosion (Industrial),Explosion (Industrial),21,38,0,0,Aceh
2018-0166-IDN,2018,Maret,Natural,Hydrological,Flood,Flood (General),11,3000,0,0,Nusa Tenggara Barat
2018-0184-IDN,2018,Juni,Technological,Transport,Water,Water,180,295838,0,0,Sumatera Barat
2018-0254-IDN,2018,Juli,Natural,Geophysical,Earthquake,Ground movement,14,102852,29000,33798,Nusa Tenggara Barat
2018-0257-IDN,2018,Agustus,Natural,Geophysical,Earthquake,Ground movement,564,516927,790000,920713,Nusa Tenggara Barat
2018-0275-IDN,2018,Juli,Technological,Transport,Water,Water,34,155,0,0,Sulawesi Selatan
2018-0302-IDN,2018,Agustus,Natural,Geophysical,Earthquake,Ground movement,10,779,5000,5827,Nusa Tenggara Barat
2018-0333-IDN,2018,September,Technological,Transport,Road,Road,21,40307,0,0,Jawa Barat
2018-0343-IDN,2018,September,Technological,Transport,Water,Water,13,155,0,0,Sulawesi Selatan
2018-0352-IDN,2018,September,Natural,Geophysical,Earthquake,Tsunami,4140,2000000,1450000,1689917,Sulawesi Tengah
2018-0401-IDN,2018,Oktober,Technological,Transport,Air,Air,189,225571,0,0,Jakarta
2018-0425-IDN,2018,Oktober,Natural,Hydrological,Flood,Flash flood,35,20000,0,0,Sumatera Utara
2018-0454-IDN,2018,Desember,Natural,Hydrological,Mass movement (wet),Landslide (wet),33,84420,0,0,Jawa Barat
2018-0458-IDN,2018,Desember,Natural,Geophysical,Volcanic activity,Volcanic activity (General),453,47778,250000,291365,Banten
2018-0471-IDN,2018,November,Natural,Hydrological,Flood,Flash flood,13,3000,0,0,Lampung
2018-0472-IDN,2018,Desember,Natural,Hydrological,Flood,Flood (General),9,5463,0,0,Jawa Timur
2018-0472-IDN,2018,Desember,Natural,Hydrological,Flood,Flood (General),9,5463,0,0,Sumatera Barat
2018-0472-IDN,2018,Desember,Natural,Hydrological,Flood,Flood (General),9,5463,0,0,Riau
2018-0472-IDN,2018,Desember,Natural,Hydrological,Flood,Flood (General),9,5463,0,0,Jawa Barat
2018-0472-IDN,2018,Desember,Natural,Hydrological,Flood,Flood (General),9,5463,0,0,Bali
2018-0483-IDN,2018,Februari,Natural,Hydrological,Flood,Flood (General),20,100000,0,0,Jawa Tengah
2019-0013-IDN,2019,Januari,Natural,Hydrological,Mass movement (wet),Landslide (wet),84,6643,0,0,Sulawesi Selatan
2019-0022-IDN,2019,Januari,Natural,Hydrological,Flood,Flood (General),2,2650,0,0,Jawa Tengah
2019-0083-IDN,2019,Februari,Technological,Industrial accident,Collapse (Industrial),Collapse (Industrial),13,19,0,0,Sulawesi Utara
2019-0085-IDN,2019,Februari,Natural,Geophysical,Earthquake,Ground movement,20,1763,0,0,Sumatera Barat
2019-0107-IDN,2019,Maret,Natural,Hydrological,Flood,Flood (General),9,168397,0,0,Jakarta
2019-0109-IDN,2019,Maret,Natural,Geophysical,Earthquake,Ground movement,9,1295,0,0,Nusa Tenggara Barat
2019-0111-IDN,2019,Maret,Natural,Hydrological,Flood,Flash flood,206,59540,103000,117906,Papua
2019-0117-IDN,2019,Maret,Natural,Hydrological,Mass movement (wet),Landslide (wet),5,860,0,0,Yogyakarta
2019-0167-IDN,2019,April,Natural,Hydrological,Flood,Flood (General),2,2258,0,0,Jakarta
2019-0168-IDN,2019,April,Natural,Hydrological,Flood,Flood (General),18,13002,15000,17171,Bengkulu
2019-0210-IDN,2019,Juni,Natural,Hydrological,Flood,Flood (General),1,52000,0,0,Sulawesi Tenggara
2019-0237-IDN,2019,Juni,Technological,Transport,Road,Road,12,43,0,0,Banten
2019-0258-IDN,2019,Juni,Technological,Transport,Water,Water,22,39,0,0,Jawa Timur
2019-0279-IDN,2019,Juni,Technological,Industrial accident,Fire (Industrial),Fire (Industrial),30,41787,0,0,Sumatera Utara
2019-0281-IDN,2019,Juni,Natural,Hydrological,Flood,Flood (General),2,55495,0,0,Sulawesi Tenggara
2019-0281-IDN,2019,Juni,Natural,Hydrological,Flood,Flood (General),2,55495,0,0,Sulawesi Selatan
2019-0281-IDN,2019,Juni,Natural,Hydrological,Flood,Flood (General),2,55495,0,0,Sulawesi Tengah
2019-0281-IDN,2019,Juni,Natural,Hydrological,Flood,Flood (General),2,55495,0,0,Kalimantan Barat
2019-0334-IDN,2019,Juli,Natural,Geophysical,Earthquake,Ground movement,8,11804,0,0,Maluku Utara
2019-0377-IDN,2019,Agustus,Natural,Geophysical,Earthquake,Ground movement,6,2104,0,0,Banten
2019-0398-IDN,2019,Agustus,Technological,Transport,Water,Water,22,185,0,0,Jawa Barat
2019-0451-IDN,2019,September,Natural,Geophysical,Earthquake,Ground movement,31,247418,0,0,Maluku
2019-0523-IDN,2019,Oktober,Natural,Hydrological,Flood,Flood (General),13,9435,0,0,Sumatera Utara
2019-0523-IDN,2019,Oktober,Natural,Hydrological,Flood,Flood (General),13,9435,0,0,Aceh
2019-0620-IDN,2019,Desember,Natural,Hydrological,Flood,Flash flood,14,5000,0,0,Sumatera Barat
2019-0620-IDN,2019,Desember,Natural,Hydrological,Flood,Flash flood,14,5000,0,0,Sulawesi Tengah
2019-0632-IDN,2019,Desember,Natural,Hydrological,Flood,Flash flood,66,501110,1200000,1373658,Jakarta
2019-0632-IDN,2019,Desember,Natural,Hydrological,Flood,Flash flood,66,501110,1200000,1373658,Banten
2019-0632-IDN,2019,Desember,Natural,Hydrological,Flood,Flash flood,66,501110,1200000,1373658,Sumatera Utara
2019-0632-IDN,2019,Desember,Natural,Hydrological,Flood,Flash flood,66,501110,1200000,1373658,Bengkulu
2019-0632-IDN,2019,Desember,Natural,Hydrological,Flood,Flash flood,66,501110,1200000,1373658,Jawa Barat
2019-0641-IDN,2019,Desember,Technological,Transport,Road,Road,28,13,0,0,Aceh
2019-0646-IDN,2019,Februari,Natural,Climatological,Wildfire,Wildfire (General),585,511572,0,0,Sumatera Selatan
2019-0646-IDN,2019,Februari,Natural,Climatological,Wildfire,Wildfire (General),585,511572,0,0,Kalimantan Selatan
2019-0646-IDN,2019,Februari,Natural,Climatological,Wildfire,Wildfire (General),585,511572,0,0,Kalimantan Tengah
2019-0646-IDN,2019,Februari,Natural,Climatological,Wildfire,Wildfire (General),585,511572,0,0,Kalimantan Barat
2019-0646-IDN,2019,Februari,Natural,Climatological,Wildfire,Wildfire (General),585,511572,0,0,Riau
2019-0646-IDN,2019,Februari,Natural,Climatological,Wildfire,Wildfire (General),585,511572,0,0,Jambi
2019-0657-IDN,2019,Desember,Natural,Hydrological,Flood,Flood (General),6,60000,0,0,Riau
2020-0014-IDN,2020,Januari,Natural,Hydrological,Flood,Flood (General),27,7213,0,0,Kalimantan Timur
2020-0018-IDN,2020,Januari,Natural,Hydrological,Flood,Flash flood,10,70717,0,0,Bengkulu
2020-0024-IDN,2020,Januari,Technological,Transport,Water,Water,10,10,0,0,Sumatera Utara
2020-0033-IDN,2020,Januari,Natural,Hydrological,Flood,Flood (General),10,75000,0,0,Jawa Barat
2020-0033-IDN,2020,Januari,Natural,Hydrological,Flood,Flood (General),10,75000,0,0,Jawa Timur
2020-0036-IDN,2020,Januari,Natural,Hydrological,Flood,Flood (General),9,2122,0,0,Sumatera Utara
2020-0052-IDN,2020,Februari,Natural,Hydrological,Flood,Riverine flood,14,10905,0,0,Jakarta
2020-0052-IDN,2020,Februari,Natural,Hydrological,Flood,Riverine flood,14,10905,0,0,Sumatera Selatan
2020-0059-IDN,2020,Februari,Natural,Hydrological,Flood,Flood (General),6,115000,10000,11308,Jawa Barat
2020-0059-IDN,2020,Februari,Natural,Hydrological,Flood,Flood (General),6,115000,10000,11308,Sumatera Barat
2020-0068-IDN,2020,Februari,Natural,Hydrological,Flood,Flood (General),10,112000,0,0,Jakarta
2020-0068-IDN,2020,Februari,Natural,Hydrological,Flood,Flood (General),10,112000,0,0,Banten
2020-0086-IDN,2020,Maret,Natural,Hydrological,Flood,Flash flood,2,40000,7200,8142,Sulawesi Tengah
2020-0086-IDN,2020,Maret,Natural,Hydrological,Flood,Flash flood,2,40000,7200,8142,Sulawesi Utara
2020-0115-IDN,2020,Maret,Natural,Hydrological,Flood,Flood (General),33,84609,0,0,Jawa Barat
2020-0121-IDN,2020,Maret,Natural,Hydrological,Flood,Flood (General),1,56488,0,0,Jawa Barat
2020-0134-IDN,2020,April,Natural,Hydrological,Flood,Flash flood,4,100,0,0,Sumatera Barat
2020-0134-IDN,2020,April,Natural,Hydrological,Flood,Flash flood,4,100,0,0,Sulawesi Selatan
2020-0134-IDN,2020,April,Natural,Hydrological,Flood,Flash flood,4,100,0,0,Kalimantan Timur
2020-0144-IDN,2020,April,Natural,Hydrological,Flood,Flash flood,2,25000,0,0,Jawa Timur
2020-0151-IDN,2020,April,Natural,Hydrological,Flood,Flood (General),2,110000,0,0,Jawa Barat
2020-0161-IDN,2020,April,Natural,Hydrological,Flood,Flood (General),12,2000,0,0,Jawa Barat
2020-0161-IDN,2020,April,Natural,Hydrological,Flood,Flood (General),12,2000,0,0,Banten
2020-0161-IDN,2020,April,Natural,Hydrological,Flood,Flood (General),12,2000,0,0,Kalimantan Tengah
2020-0161-IDN,2020,April,Natural,Hydrological,Flood,Flood (General),12,2000,0,0,Kalimantan Timur
2020-0161-IDN,2020,April,Natural,Hydrological,Flood,Flood (General),12,2000,0,0,Bengkulu
2020-0185-IDN,2020,Mei,Natural,Hydrological,Flood,Flood (General),7,3805,0,0,Sulawesi Barat
2020-0224-IDN,2020,Juni,Natural,Hydrological,Flood,Flood (General),13,1835,0,0,Jawa Tengah
2020-0224-IDN,2020,Juni,Natural,Hydrological,Flood,Flood (General),13,1835,0,0,Papua Barat
2020-0225-IDN,2020,Juni,Natural,Geophysical,Earthquake,Ground movement,83,1560,0,0,Maluku Utara
2020-0245-IDN,2020,Mei,Natural,Hydrological,Flood,Flash flood,4,41837,0,0,Sumatera Selatan
2020-0245-IDN,2020,Mei,Natural,Hydrological,Flood,Flash flood,4,41837,0,0,Sulawesi Selatan
2020-0245-IDN,2020,Mei,Natural,Hydrological,Flood,Flash flood,4,41837,0,0,Aceh
2020-0245-IDN,2020,Mei,Natural,Hydrological,Flood,Flash flood,4,41837,0,0,Bengkulu
2020-0245-IDN,2020,Mei,Natural,Hydrological,Flood,Flash flood,4,41837,0,0,Riau
2020-0245-IDN,2020,Mei,Natural,Hydrological,Flood,Flash flood,4,41837,0,0,Nusa Tenggara Barat
2020-0250-IDN,2020,Juni,Natural,Hydrological,Flood,Flash flood,7,12003,2100,2375,Sulawesi Selatan
2020-0250-IDN,2020,Juni,Natural,Hydrological,Flood,Flash flood,7,12003,2100,2375,Sulawesi Utara
2020-0265-IDN,2020,Juni,Natural,Hydrological,Flood,Flood (General),12,10000,0,0,Aceh
2020-0310-IDN,2020,Agustus,Natural,Hydrological,Flood,Flash flood,22,23461,0,0,Sulawesi Utara
2020-0325-IDN,2020,Juli,Natural,Hydrological,Flood,Flood (General),105,14534,10000,11308,Sulawesi Selatan
2020-0325-IDN,2020,Juli,Natural,Hydrological,Flood,Flood (General),105,14534,10000,11308,Kalimantan Barat
2020-0429-IDN,2020,September,Natural,Hydrological,Mass movement (wet),Landslide (wet),11,170,0,0,Kalimantan Utara
2020-0486-IDN,2020,Oktober,Natural,Hydrological,Flood,Flood (General),15,10000,0,0,Jawa Barat
2020-0486-IDN,2020,Oktober,Natural,Hydrological,Flood,Flood (General),15,10000,0,0,Sumatera Barat
2020-0486-IDN,2020,Oktober,Natural,Hydrological,Flood,Flood (General),15,10000,0,0,Kalimantan Tengah
2020-0517-IDN,2020,November,Natural,Geophysical,Volcanic activity,Ash fall,23,19736,0,0,Nusa Tenggara Timur
2020-0518-IDN,2020,Desember,Natural,Geophysical,Volcanic activity,Lava flow,5,550,0,0,Jawa Timur
2020-0532-IDN,2020,Desember,Natural,Hydrological,Flood,Flood (General),5,110000,0,0,Jawa Tengah
2020-0532-IDN,2020,Desember,Natural,Hydrological,Flood,Flood (General),5,110000,0,0,Aceh
2020-0544-IDN,2020,Desember,Natural,Hydrological,Flood,Riverine flood,2,1852,0,0,Yogyakarta
2020-0551-IDN,2020,Desember,Natural,Hydrological,Flood,Flash flood,29,18200,0,0,Aceh
2020-0551-IDN,2020,Desember,Natural,Hydrological,Flood,Flash flood,29,18200,0,0,Nusa Tenggara Barat
2021-0003-IDN,2021,Januari,Natural,Geophysical,Earthquake,Ground movement,110,100653,58700,63398,Sulawesi Barat
2021-0004-IDN,2021,Januari,Natural,Geophysical,Volcanic activity,Lava flow,15,1329,0,0,Jawa Tengah
2021-0005-IDN,2021,Januari,Natural,Hydrological,Flood,Flood (General),21,126025,0,0,Sulawesi Utara
2021-0005-IDN,2021,Januari,Natural,Hydrological,Flood,Flood (General),21,126025,0,0,Kalimantan Tengah
2021-0005-IDN,2021,Januari,Natural,Hydrological,Flood,Flood (General),21,126025,0,0,Maluku
2021-0023-IDN,2021,Januari,Natural,Hydrological,Flood,Riverine flood,3,10000,0,0,Kalimantan Utara
2021-0023-IDN,2021,Januari,Natural,Hydrological,Flood,Riverine flood,3,10000,0,0,Nusa Tenggara Barat
2021-0032-IDN,2021,Januari,Technological,Transport,Air,Air,62,215708,0,0,Jawa Tengah
2021-0062-IDN,2021,Februari,Natural,Hydrological,Flood,Flood (General),2,25400,0,0,Jawa Timur
2021-0086-IDN,2021,Februari,Natural,Hydrological,Mass movement (wet),Landslide (wet),19,191,0,0,Jawa Timur
2021-0088-IDN,2021,Februari,Natural,Hydrological,Flood,Flood (General),7,228650,50000,54001,Jawa Barat
2021-0088-IDN,2021,Februari,Natural,Hydrological,Flood,Flood (General),7,228650,50000,54001,Jakarta
2021-0104-IDN,2021,Februari,Natural,Hydrological,Flood,Flood (General),1,90590,0,0,Jawa Tengah
2021-0130-IDN,2021,Maret,Technological,Transport,Road,Road,27,39,0,0,Jawa Barat
2021-0165-IDN,2021,Maret,Natural,Hydrological,Flood,Flood (General),11,1974,0,0,Jawa Timur
2021-0165-IDN,2021,Maret,Natural,Hydrological,Flood,Flood (General),11,1974,0,0,Banten
2021-0165-IDN,2021,Maret,Natural,Hydrological,Flood,Flood (General),11,1974,0,0,Jawa Barat
2021-0165-IDN,2021,Maret,Natural,Hydrological,Flood,Flood (General),11,1974,0,0,Gorontalo
2021-0173-IDN,2021,April,Natural,Meteorological,Storm,Tropical cyclone,226,509625,800000,864022,Nusa Tenggara Barat
2021-0185-IDN,2021,Maret,Natural,Hydrological,Flood,Flood (General),7,75506,0,0,Jawa Barat
2021-0185-IDN,2021,Maret,Natural,Hydrological,Flood,Flood (General),7,75506,0,0,Sumatera Utara
2021-0185-IDN,2021,Maret,Natural,Hydrological,Flood,Flood (General),7,75506,0,0,Aceh
2021-0200-IDN,2021,April,Natural,Geophysical,Earthquake,Ground movement,9,5979,0,0,Jawa Timur
2021-0267-IDN,2021,April,Natural,Hydrological,Mass movement (wet),Landslide (wet),13,1470,0,0,Sumatera Utara
2021-0267-IDN,2021,April,Natural,Hydrological,Mass movement (wet),Landslide (wet),13,1470,0,0,Nusa Tenggara Barat
2021-0302-IDN,2021,Mei,Natural,Hydrological,Flood,Flood (General),406,59800,0,0,Jawa Barat
2021-0323-IDN,2021,Juni,Natural,Geophysical,Earthquake,Ground movement,16,750,0,0,Maluku
2021-0379-IDN,2021,Juli,Natural,Hydrological,Flood,Flood (General),18,6408,0,0,Aceh
2021-0417-IDN,2021,Juli,Technological,Transport,Water,Water,55,81,0,0,Kalimantan Barat
2021-0530-IDN,2021,Agustus,Natural,Hydrological,Flood,Flood (General),9,62900,0,0,Sumatera Utara
2021-0584-IDN,2021,September,Natural,Hydrological,Flood,Flood (General),84,11839,0,0,Jawa Barat
2021-0584-IDN,2021,September,Natural,Hydrological,Flood,Flood (General),84,11839,0,0,Banten
2021-0584-IDN,2021,September,Natural,Hydrological,Flood,Flood (General),84,11839,0,0,Kalimantan Timur
2021-0584-IDN,2021,September,Natural,Hydrological,Flood,Flood (General),84,11839,0,0,Papua
2021-0584-IDN,2021,September,Natural,Hydrological,Flood,Flood (General),84,11839,0,0,Riau
2021-0621-IDN,2021,September,Technological,Miscellaneous accident,Fire (Miscellaneous),Fire (Miscellaneous),41,31,0,0,Jakarta
2021-0621-IDN,2021,September,Technological,Miscellaneous accident,Fire (Miscellaneous),Fire (Miscellaneous),41,31,0,0,Banten
2021-0653-IDN,2021,Oktober,Natural,Hydrological,Flood,Flood (General),41,79095,0,0,Sumatera Utara
2021-0653-IDN,2021,Oktober,Natural,Hydrological,Flood,Flood (General),41,79095,0,0,Kalimantan Barat
2021-0653-IDN,2021,Oktober,Natural,Hydrological,Flood,Flood (General),41,79095,0,0,Kalimantan Timur
2021-0653-IDN,2021,Oktober,Natural,Hydrological,Flood,Flood (General),41,79095,0,0,Kalimantan Tengah
2021-0695-IDN,2021,Oktober,Natural,Hydrological,Flood,Flood (General),4,2226,0,0,Jawa Tengah
2021-0695-IDN,2021,Oktober,Natural,Hydrological,Flood,Flood (General),4,2226,0,0,Sulawesi Selatan
2021-0695-IDN,2021,Oktober,Natural,Hydrological,Flood,Flood (General),4,2226,0,0,Kalimantan Barat
2021-0719-IDN,2021,November,Natural,Hydrological,Flood,Flash flood,9,1275,0,0,Jawa Timur
2021-0720-IDN,2021,Oktober,Natural,Geophysical,Earthquake,Ground movement,3,4532,0,0,Bali
2021-0768-IDN,2021,November,Natural,Hydrological,Flood,Flood (General),5,11028,0,0,Jawa Tengah
2021-0768-IDN,2021,November,Natural,Hydrological,Flood,Flood (General),5,11028,0,0,Banten
2021-0776-IDN,2021,Desember,Natural,Geophysical,Volcanic activity,Pyroclastic flow,71,10992,20000,21601,Jawa Timur
2021-0788-IDN,2021,Desember,Natural,Hydrological,Flood,Flood (General),6,78738,0,0,Jawa Tengah
2021-0788-IDN,2021,Desember,Natural,Hydrological,Flood,Flood (General),6,78738,0,0,Jakarta
2021-0788-IDN,2021,Desember,Natural,Hydrological,Flood,Flood (General),6,78738,0,0,Sulawesi Selatan
2021-0788-IDN,2021,Desember,Natural,Hydrological,Flood,Flood (General),6,78738,0,0,Kalimantan Selatan
2021-0788-IDN,2021,Desember,Natural,Hydrological,Flood,Flood (General),6,78738,0,0,Bali
2021-0801-IDN,2021,Desember,Natural,Geophysical,Earthquake,Ground movement,83,1737,0,0,Sulawesi Selatan
2021-0801-IDN,2021,Desember,Natural,Geophysical,Earthquake,Ground movement,83,1737,0,0,Nusa Tenggara Timur
2021-0823-IDN,2021,Desember,Natural,Hydrological,Flood,Flood (General),4,43000,0,0,Sumatera Barat
2021-0823-IDN,2021,Desember,Natural,Hydrological,Flood,Flood (General),4,43000,0,0,Sulawesi Barat
2021-0835-IDN,2021,Desember,Natural,Hydrological,Flood,Flood (General),2,27500,0,0,Aceh
2022-0011-IDN,2022,Januari,Natural,Hydrological,Flood,Flood (General),10,6500,0,0,Papua
2022-0012-IDN,2022,Januari,Natural,Geophysical,Earthquake,Ground movement,67,302,0,0,Maluku
2022-0042-IDN,2022,Januari,Natural,Geophysical,Earthquake,Ground movement,13,15390,23000,23000,Jawa Barat
2022-0042-IDN,2022,Januari,Natural,Geophysical,Earthquake,Ground movement,13,15390,23000,23000,Banten
2022-0062-IDN,2022,Februari,Technological,Transport,Road,Road,13,34,0,0,Jakarta
2022-0087-IDN,2022,Februari,Natural,Hydrological,Flood,Flood (General),1,14700,12000,12000,Jawa Tengah
2022-0087-IDN,2022,Februari,Natural,Hydrological,Flood,Flood (General),1,14700,12000,12000,Jawa Timur
2022-0087-IDN,2022,Februari,Natural,Hydrological,Flood,Flood (General),1,14700,12000,12000,Riau
2022-0087-IDN,2022,Februari,Natural,Hydrological,Flood,Flood (General),1,14700,12000,12000,Kalimantan Barat
2022-0115-IDN,2022,Februari,Natural,Geophysical,Earthquake,Ground movement,15,24903,39000,39000,Sumatera Barat
2022-0120-IDN,2022,Februari,Natural,Hydrological,Flood,Flood (General),13,31800,62000,62000,Jawa Timur
2022-0120-IDN,2022,Februari,Natural,Hydrological,Flood,Flood (General),13,31800,62000,62000,Jawa Tengah
2022-0120-IDN,2022,Februari,Natural,Hydrological,Flood,Flood (General),13,31800,62000,62000,Banten
2022-0136-IDN,2022,Maret,Natural,Hydrological,Flood,Flood (General),4,16003,0,0,Jawa Tengah
2022-0136-IDN,2022,Maret,Natural,Hydrological,Flood,Flood (General),4,16003,0,0,Kalimantan Timur
2022-0136-IDN,2022,Maret,Natural,Hydrological,Flood,Flood (General),4,16003,0,0,Bali
2022-0144-IDN,2022,Maret,Natural,Geophysical,Volcanic activity,Pyroclastic flow,76,253,0,0,Yogyakarta
2022-0161-IDN,2022,Maret,Technological,Transport,Water,Water,28,3533,0,0,Jakarta
2022-0324-IDN,2022,Mei,Natural,Hydrological,Flood,Flood (General),17,17201,0,0,Jawa Tengah
2022-0324-IDN,2022,Mei,Natural,Hydrological,Flood,Flood (General),17,17201,0,0,Sumatera Utara
2022-0324-IDN,2022,Mei,Natural,Hydrological,Flood,Flood (General),17,17201,0,0,Kalimantan Tengah
2022-0324-IDN,2022,Mei,Natural,Hydrological,Flood,Flood (General),17,17201,0,0,Jawa Barat
2022-0331-IDN,2022,Mei,Technological,Transport,Water,Water,19,31,0,0,Sulawesi Selatan
2022-0418-IDN,2022,Juli,Natural,Hydrological,Flood,Flood (General),7,3126,0,0,Sulawesi Selatan
2022-0418-IDN,2022,Juli,Natural,Hydrological,Flood,Flood (General),7,3126,0,0,Sulawesi Tengah
2022-0418-IDN,2022,Juli,Natural,Hydrological,Flood,Flood (General),7,3126,0,0,Gorontalo
2022-0563-IDN,2022,Agustus,Technological,Transport,Road,Road,10,20,0,0,Jawa Barat
2022-0595-IDN,2022,September,Natural,Geophysical,Earthquake,Ground movement,9,6003,0,0,Sumatera Barat
2022-0619-IDN,2022,Oktober,Technological,Miscellaneous accident,Miscellaneous accident (General),Miscellaneous accident (General),135,154226,0,0,Kalimantan Barat
2022-0642-IDN,2022,Oktober,Natural,Hydrological,Flood,Flash flood,10,40002,0,0,Jakarta
2022-0642-IDN,2022,Oktober,Natural,Hydrological,Flood,Flash flood,10,40002,0,0,Sumatera Selatan
2022-0642-IDN,2022,Oktober,Natural,Hydrological,Flood,Flash flood,10,40002,0,0,Sulawesi Selatan
2022-0642-IDN,2022,Oktober,Natural,Hydrological,Flood,Flash flood,10,40002,0,0,Aceh
2022-0694-IDN,2022,Oktober,Natural,Hydrological,Flood,Flood (General),5,203,0,0,Bali
2022-0700-IDN,2022,Oktober,Technological,Transport,Water,Water,14,226,0,0,Nusa Tenggara Timur
2022-0732-IDN,2022,November,Natural,Hydrological,Flood,Flood (General),585,511572,0,0,Sumatera Utara
2022-0736-IDN,2022,November,Natural,Hydrological,Flood,Flood (General),3,7000,0,0,Jawa Barat
2022-0736-IDN,2022,November,Natural,Hydrological,Flood,Flood (General),3,7000,0,0,Banten
2022-0736-IDN,2022,November,Natural,Hydrological,Flood,Flood (General),3,7000,0,0,Lampung
2022-0755-IDN,2022,November,Natural,Geophysical,Earthquake,Ground movement,334,2204645,0,0,Jawa Barat
2022-0782-IDN,2022,November,Natural,Hydrological,Flood,Flood (General),1,12500,0,0,Jawa Timur
2022-0787-IDN,2022,Desember,Natural,Geophysical,Volcanic activity,Ash fall,2,2489,0,0,Jawa Timur
2022-0803-IDN,2022,Desember,Technological,Industrial accident,Explosion (Industrial),Explosion (Industrial),10,70717,0,0,Sumatera Selatan
2022-0845-IDN,2022,Desember,Natural,Hydrological,Flood,Flood (General),47,196745,0,0,Jawa Tengah
2022-0847-IDN,2022,Desember,Natural,Hydrological,Flood,Flood (General),1,3210,0,0,Nusa Tenggara Timur
2023-0006-IDN,2023,Januari,Natural,Geophysical,Earthquake,Ground movement,1,4421,0,0,Maluku
2023-0041-IDN,2023,Januari,Natural,Hydrological,Flood,Flood (General),26,100000,0,0,Sumatera Barat
2023-0041-IDN,2023,Januari,Natural,Hydrological,Flood,Flood (General),26,100000,0,0,Aceh
2023-0044-IDN,2023,Januari,Natural,Hydrological,Flood,Flood (General),12,16700,0,0,Sulawesi Utara
2023-0073-IDN,2023,Februari,Natural,Geophysical,Earthquake,Ground movement,4,2136,0,0,Papua
2023-0123-IDN,2023,Maret,Natural,Hydrological,Mass movement (wet),Landslide (wet),55,1208,0,0,Riau
2023-0127-IDN,2023,Maret,Natural,Meteorological,Storm,Severe weather,1,653,0,0,Sulawesi Tengah
2023-0127-IDN,2023,Maret,Natural,Meteorological,Storm,Severe weather,1,653,0,0,Sulawesi Tenggara
2023-0133-IDN,2023,Maret,Technological,Industrial accident,Fire (Industrial),Fire (Industrial),33,60,0,0,Jakarta
2023-0227-IDN,2023,Mei,Natural,Hydrological,Mass movement (wet),Landslide (wet),5,130,0,0,Sulawesi Tengah
2023-0227-IDN,2023,April,Natural,Hydrological,Mass movement (wet),Landslide (wet),5,130,0,0,Jawa Barat
2023-0366-IDN,2023,Juni,Natural,Meteorological,Storm,Severe weather,15,337,0,0,Kepulauan Riau
2023-0378-IDN,2023,Juni,Natural,Geophysical,Earthquake,Ground movement,1,1120,0,0,Yogyakarta
2023-0378-IDN,2023,Juni,Natural,Geophysical,Earthquake,Ground movement,1,1120,0,0,Jawa Timur
2023-0378-IDN,2023,Juni,Natural,Geophysical,Earthquake,Ground movement,1,1120,0,0,Jawa Tengah
2023-0437-IDN,2023,Juli,Natural,Hydrological,Flood,Flood (General),6,517,0,0,Jawa Timur
2023-0437-IDN,2023,Juli,Natural,Hydrological,Flood,Flood (General),6,517,0,0,Bali
2023-0469-IDN,2023,Juli,Technological,Transport,Water,Water,15,6,0,0,Sulawesi Barat
2023-0601-IDN,2023,September,Natural,Hydrological,Flood,Flood (General),35,14500,0,0,Sumatera Utara
2023-0803-IDN,2023,November,Natural,Hydrological,Flood,Flood (General),16,17750,0,0,Jawa Barat
2023-0803-IDN,2023,November,Natural,Hydrological,Flood,Flood (General),16,17750,0,0,Kalimantan Barat
2023-0820-IDN,2023,Desember,Natural,Geophysical,Volcanic activity,Ash fall,23,87,0,0,Jambi
2023-0851-IDN,2023,Desember,Natural,Geophysical,Volcanic activity,Ash fall,4,2229,0,0,Nusa Tenggara Timur
2023-0853-IDN,2023,Desember,Technological,Industrial accident,Explosion (Industrial),Explosion (Industrial),13,46,0,0,Sulawesi Tengah
2023-9494-IDN,2023,Agustus,Natural,Climatological,Drought,Drought,2665,18750000,0,0,Jawa Barat
2023-9494-IDN,2023,Agustus,Natural,Climatological,Drought,Drought,2665,18750000,0,0,Jawa Tengah
2023-9494-IDN,2023,Agustus,Natural,Climatological,Drought,Drought,2665,18750000,0,0,Jawa Timur
2023-9494-IDN,2023,Agustus,Natural,Climatological,Drought,Drought,2665,18750000,0,0,Banten
2023-9494-IDN,2023,Agustus,Natural,Climatological,Drought,Drought,2665,18750000,0,0,Lampung
2023-9494-IDN,2023,Agustus,Natural,Climatological,Drought,Drought,2665,18750000,0,0,Sulawesi Selatan
2023-9494-IDN,2023,Agustus,Natural,Climatological,Drought,Drought,2665,18750000,0,0,Sulawesi Tenggara
2023-9494-IDN,2023,Agustus,Natural,Climatological,Drought,Drought,2665,18750000,0,0,Sulawesi Barat
2023-9494-IDN,2023,Agustus,Natural,Climatological,Drought,Drought,2665,18750000,0,0,Kalimantan Barat
2023-9494-IDN,2023,Agustus,Natural,Climatological,Drought,Drought,2665,18750000,0,0,Kalimantan Selatan
2023-9494-IDN,2023,Agustus,Natural,Climatological,Drought,Drought,2665,18750000,0,0,Nusa Tenggara Barat
2023-9494-IDN,2023,Agustus,Natural,Climatological,Drought,Drought,2665,18750000,0,0,Nusa Tenggara Timur
2023-9494-IDN,2023,Agustus,Natural,Climatological,Drought,Drought,2665,18750000,0,0,Yogyakarta
2023-9494-IDN,2023,Agustus,Natural,Climatological,Drought,Drought,2665,18750000,0,0,Bali
2023-9494-IDN,2023,Agustus,Natural,Climatological,Drought,Drought,2665,18750000,0,0,Maluku
2023-9494-IDN,2023,Agustus,Natural,Climatological,Drought,Drought,2665,18750000,0,0,Papua
2023-9494-IDN,2023,Agustus,Natural,Climatological,Drought,Drought,2665,18750000,0,0,Papua Barat